C:\dsc\src\build\script\sdk_generator\target_config_genarator.py:13: SyntaxWarning: invalid escape sequence '\s'
  r = re.search("['\"]%s['\"](\s*):[\d\D\r\n]*?\}(\s*)," % config, lines)


C:\dsc\src\build\script\sdk_generator\target_config_genarator.py:16: SyntaxWarning: invalid escape sequence '\{'
  lines = re.sub("(target|target_template) = \{\n([\w\W]*?\n)\}",
C:\dsc\src\build\script\sdk_generator\target_config_genarator.py:18: SyntaxWarning: invalid escape sequence '\{'
  lines = re.sub("target_copy = \{\n([\w\W]*?\n)\}",
C:\dsc\src\build\script\sdk_generator\target_config_genarator.py:20: SyntaxWarning: invalid escape sequence '\{'
  lines = re.sub("target_group = \{\n([\w\W]*?\n)\}",


C:\dsc\src\build\script\sdk_generator\target_config_genarator.py:13: SyntaxWarning: invalid escape sequence '\s'
  r = re.search("['\"]%s['\"](\s*):[\d\D\r\n]*?\}(\s*)," % config, lines)


C:\dsc\src\build\script\sdk_generator\target_config_genarator.py:16: SyntaxWarning: invalid escape sequence '\{'
  lines = re.sub("(target|target_template) = \{\n([\w\W]*?\n)\}",
C:\dsc\src\build\script\sdk_generator\target_config_genarator.py:18: SyntaxWarning: invalid escape sequence '\{'
  lines = re.sub("target_copy = \{\n([\w\W]*?\n)\}",
C:\dsc\src\build\script\sdk_generator\target_config_genarator.py:20: SyntaxWarning: invalid escape sequence '\{'
  lines = re.sub("target_group = \{\n([\w\W]*?\n)\}",


warning: the int symbol LFS_PARTITION_ID (defined at middleware/chips/ws63/Kconfig:105) has a non-int default 0x21 (undefined)
warning: default on the choice symbol MIDDLEWARE_SUPPORT_UPG_COMPRESS (defined at middleware/chips/ws63/Kconfig:52) will have no effect, as defaults do not affect choice symbols
warning: default on the choice symbol MIDDLEWARE_SUPPORT_UPG_AB (defined at middleware/chips/ws63/Kconfig:59) will have no effect, as defaults do not affect choice symbols
warning: default on the choice symbol MIDDLEWARE_SUPPORT_EXCEPT_REBOOT (defined at middleware/chips/ws63/Kconfig:85) will have no effect, as defaults do not affect choice symbols
warning: default on the choice symbol MIDDLEWARE_SUPPORT_EXCEPT_WAITFOREVER (defined at middleware/chips/ws63/Kconfig:91) will have no effect, as defaults do not affect choice symbols


C:\dsc\src\build\script\.\..\..\build\config\target_config\ws63\menuconfig\acore\ws63_flashboot.config:432: warning: DRIVER_SUPPORT_DMA (defined at drivers/drivers/Kconfig:51) set more than once. Old value "n", new value "y".


Not searching for unused variables given on the command line.


-- BUILD_PLATFORM: windows


-- BUILD_PLATFORM: windows


-- The C compiler identification is GNU 7.3.0


-- The ASM compiler identification is GNU


-- Found assembler: C:/dsc/src/tools/bin/compiler/riscv/cc_riscv32_musl_100/cc_riscv32_musl_win/bin/riscv32-linux-musl-gcc.exe


-- The CXX compiler identification is GNU 7.3.0


-- Detecting C compiler ABI info


-- Detecting C compiler ABI info - done


-- Check for working C compiler: C:/dsc/src/tools/bin/compiler/riscv/cc_riscv32_musl_100/cc_riscv32_musl_win/bin/riscv32-linux-musl-gcc.exe - skipped
-- Detecting C compile features


-- Detecting C compile features - done
-- Detecting CXX compiler ABI info


-- Detecting CXX compiler ABI info - failed


-- Detecting CXX compile features
-- Detecting CXX compile features - done


GEN_TARGET_SRC = C:/dsc/src/output/ws63/acore/acore.c
PRECOMPILE_TARGET = C:/dsc/src/output/ws63/acore/acore.etypes


TARGET_INCLUDE = C:/dsc/src/middleware/chips/ws63/nv/nv_config/include;C:/dsc/src/middleware/utils/common_headers/native


BGTP_PROJECT=ws63
BGTP_ROM_VERSION=false
BGTP_DEVICE_ONLY=false


BG COMMON BTH_ROM_LIST:__null__
BTH_ROM_LIST:__null__


-- project_name:


-- Configuring done (4.2s)


-- Generating done (1.6s)


-- Build files have been written to: C:/dsc/src/output/ws63/acore/ws63-flashboot


[1/234] Building C object bootloader/commonboot/CMakeFiles/common_boot.dir/src/boot_reset.c.obj


[2/234] Building C object bootloader/commonboot/CMakeFiles/common_boot.dir/src/boot_flash.c.obj
[3/234] Building C object bootloader/commonboot/CMakeFiles/common_boot.dir/src/boot_debug.c.obj


[4/234] Building C object bootloader/commonboot/CMakeFiles/common_boot.dir/src/boot_jump.c.obj
[5/234] Building C object bootloader/commonboot/libc/CMakeFiles/common_boot_libc.dir/src/string/memset.c.obj
[6/234] Building C object bootloader/commonboot/libc/CMakeFiles/common_boot_libc.dir/src/string/memcpy.c.obj
[7/234] Building C object bootloader/commonboot/libc/CMakeFiles/common_boot_libc.dir/src/string/memcmp.c.obj
[8/234] Building C object bootloader/commonboot/libc/CMakeFiles/common_boot_libc.dir/src/string/strcmp.c.obj


[9/234] Building C object bootloader/commonboot/libc/CMakeFiles/common_boot_libc.dir/src/string/strlen.c.obj
[10/234] Building C object bootloader/commonboot/libc/CMakeFiles/common_boot_libc.dir/src/string/memmove.c.obj
[11/234] Building C object bootloader/flashboot_ws63/CMakeFiles/flashboot_common.dir/startup/main.c.obj
[12/234] Building ASM object bootloader/flashboot_ws63/CMakeFiles/flashboot_common.dir/startup/riscv_init.S.obj
[13/234] Building C object bootloader/flashboot_ws63/CMakeFiles/flashboot_common.dir/__/commonboot/src/secure_verify_boot.c.obj
[14/234] Building C object kernel/non_os/non_os/CMakeFiles/non_os.dir/non_os_utils.c.obj


[15/234] Building C object kernel/non_os/non_os/CMakeFiles/non_os.dir/non_os_nmi.c.obj
[16/234] Building C object kernel/non_os/malloc/CMakeFiles/nonos_malloc.dir/malloc.c.obj
[17/234] Building C object kernel/osal/CMakeFiles/osal.dir/src/nonos/osal_atomic.c.obj
[18/234] Building C object kernel/osal/CMakeFiles/osal.dir/src/nonos/osal_debug.c.obj


[19/234] Building C object kernel/osal/CMakeFiles/osal.dir/src/nonos/osal_interrupt.c.obj
[20/234] Building C object kernel/osal/CMakeFiles/osal.dir/src/nonos/osal_mutex.c.obj
[21/234] Building C object kernel/osal/CMakeFiles/osal.dir/src/nonos/osal_semaphore.c.obj
[22/234] Building C object kernel/osal/CMakeFiles/osal.dir/src/nonos/osal_spinlock.c.obj


[23/234] Building C object kernel/osal/CMakeFiles/osal.dir/src/nonos/osal_wait.c.obj
[24/234] Building C object kernel/osal/CMakeFiles/osal.dir/src/nonos/osal_task.c.obj
[25/234] Building C object driver/pinmux/CMakeFiles/pinctrl.dir/pinctrl.c.obj
[26/234] Building C object driver/pmp/CMakeFiles/pmp.dir/pmp.c.obj


[27/234] Building C object driver/security_unified/CMakeFiles/drv_security_unified.dir/romable/hash_romable.c.obj
[28/234] Building C object driver/security_unified/CMakeFiles/drv_security_unified.dir/drv_flashboot_cipher.c.obj
[29/234] Building C object driver/security_unified/CMakeFiles/drv_security_unified.dir/drv_flashboot_symc.c.obj
[30/234] Building C object driver/security_unified/CMakeFiles/drv_security_unified.dir/drv_cipher/drv_code/crypto_drv_common.c.obj


[31/234] Building C object driver/security_unified/CMakeFiles/drv_security_unified.dir/drv_km/drv_keyslot.c.obj
[32/234] Building C object driver/security_unified/CMakeFiles/drv_security_unified.dir/drv_km/drv_klad.c.obj
[33/234] Building C object driver/security_unified/CMakeFiles/drv_security_unified.dir/drv_fapc/drv_fapc.c.obj
[34/234] Building C object driver/security_unified/CMakeFiles/drv_security_unified.dir/init/cfbb/crypto_curve_param.c.obj


[35/234] Building C object driver/security_unified/CMakeFiles/drv_security_unified.dir/drv_cipher/drv_pke_v5/sm2/drv_pke_sm2_verify.c.obj
[36/234] Building C object driver/security_unified/CMakeFiles/drv_security_unified.dir/drv_cipher/drv_pke_v5/drv_pke_ecdsa.c.obj
[37/234] Building C object driver/security_unified/CMakeFiles/drv_security_unified.dir/drv_pke_weak_func.c.obj
[38/234] Building C object driver/security_unified/CMakeFiles/drv_security_unified.dir/drv_cipher/drv_pke_v5/sm2/drv_pke_sm2_dsa_hash.c.obj
[39/234] Building C object driver/security_unified/CMakeFiles/drv_security_unified.dir/rom_drv_api/hal_rom_table.c.obj


[40/234] Building C object driver/security_unified/CMakeFiles/drv_security_unified.dir/rom_drv_api/drv_rom_table.c.obj
[41/234] Building C object driver/security_unified/CMakeFiles/drv_security_unified.dir/drv_rom_cipher.c.obj
[42/234] Building C object driver/systick/CMakeFiles/systick.dir/systick.c.obj
[43/234] Building C object driver/tcxo/CMakeFiles/tcxo.dir/tcxo.c.obj


[44/234] Building C object driver/timer/CMakeFiles/drv_timer.dir/timer.c.obj
[45/234] Building C object driver/uart/CMakeFiles/uart.dir/uart.c.obj
[46/234] Building C object driver/watchdog/CMakeFiles/watchdog.dir/watchdog.c.obj
[47/234] Building C object driver/rtc_unified/CMakeFiles/rtc_unified.dir/rtc.c.obj
[48/234] Building C object driver/efuse/CMakeFiles/efuse.dir/efuse.c.obj


[49/234] Building C object hal/cpu_core/CMakeFiles/hal_cpu_core.dir/hal_cpu_core.c.obj
[50/234] Building C object hal/efuse/CMakeFiles/hal_efuse_v151.dir/hal_efuse.c.obj
[51/234] Building C object hal/efuse/CMakeFiles/hal_efuse_v151.dir/v151/hal_efuse_v151.c.obj
[52/234] Building C object hal/efuse/CMakeFiles/hal_efuse_v151.dir/v151/hal_efuse_v151_reg_op.c.obj
[53/234] Building C object hal/pinmux/CMakeFiles/hal_pinctrl.dir/common/hal_pinctrl.c.obj


[54/234] Building C object hal/pinmux/CMakeFiles/hal_pinctrl.dir/ws63/hal_pinctrl_ws63.c.obj
[55/234] Building C object hal/pmp/CMakeFiles/hal_pmp.dir/hal_pmp.c.obj
[56/234] Building C object hal/pmp/CMakeFiles/hal_pmp.dir/v31/hal_pmp_riscv31.c.obj
[57/234] Building C object hal/pmp/CMakeFiles/hal_pmp.dir/v31/hal_pmp_riscv31_regs_op.c.obj
[58/234] Building C object hal/reboot/CMakeFiles/hal_reboot.dir/hal_reboot.c.obj


[59/234] Building C object hal/reg_config/CMakeFiles/hal_reg_config.dir/hal_reg_config.c.obj
[60/234] Building C object hal/security_unified/CMakeFiles/hal_security_unified.dir/hal_km/hal_rkp.c.obj
[61/234] Building C object hal/security_unified/CMakeFiles/hal_security_unified.dir/hal_km/hal_keyslot.c.obj
[62/234] Building C object hal/security_unified/CMakeFiles/hal_security_unified.dir/hal_km/hal_klad.c.obj
[63/234] Building C object hal/security_unified/CMakeFiles/hal_security_unified.dir/hal_fapc/hal_fapc.c.obj
[64/234] Building C object hal/security_unified/CMakeFiles/hal_security_unified.dir/crypto_osal/cfbb/boot/crypto_osal_lib.c.obj


[65/234] Building C object hal/security_unified/CMakeFiles/hal_security_unified.dir/crypto_osal/cfbb/crypto_security.c.obj
[66/234] Building C object hal/security_unified/CMakeFiles/hal_security_unified.dir/hal_cipher/pke/alg/drv_common_pke.c.obj
[67/234] Building C object hal/security_unified/CMakeFiles/hal_security_unified.dir/hal_cipher/pke/alg/ecc_ec_fp_sign_verify_common.c.obj
[68/234] Building C object hal/security_unified/CMakeFiles/hal_security_unified.dir/hal_cipher/pke/arch/ecc_data_ram_addr.c.obj
[69/234] Building C object hal/security_unified/CMakeFiles/hal_security_unified.dir/hal_cipher/pke/arch/rom_lib.c.obj
[70/234] Building C object hal/security_unified/CMakeFiles/hal_security_unified.dir/hal_cipher/pke/alg/ecc_ec_fp_verify_common.c.obj


[71/234] Building C object hal/security_unified/CMakeFiles/hal_security_unified.dir/hal_cipher/pke/alg/sm2_ec_fp_sign_verify.c.obj
[72/234] Building C object hal/tcxo/CMakeFiles/hal_tcxo.dir/hal_tcxo.c.obj
[73/234] Building C object hal/tcxo/CMakeFiles/hal_tcxo.dir/hal_tcxo_v150.c.obj
[74/234] Building C object hal/tcxo/CMakeFiles/hal_tcxo.dir/hal_tcxo_v150_regs_op.c.obj
[75/234] Building C object hal/timer/CMakeFiles/hal_timer.dir/hal_drv_timer.c.obj
[76/234] Building C object hal/timer/CMakeFiles/hal_timer.dir/v150/hal_timer_v150.c.obj


[77/234] Building C object hal/timer/CMakeFiles/hal_timer.dir/v150/hal_timer_v150_regs_op.c.obj
[78/234] Building C object hal/uart/CMakeFiles/hal_uart.dir/hal_uart.c.obj
[79/234] Building C object hal/uart/CMakeFiles/hal_uart.dir/v151/hal_uart_v151.c.obj
[80/234] Building C object hal/uart/CMakeFiles/hal_uart.dir/v151/hal_uart_v151_regs_op.c.obj
[81/234] Building C object hal/watchdog/CMakeFiles/hal_watchdog.dir/hal_watchdog.c.obj
[82/234] Building C object hal/watchdog/CMakeFiles/hal_watchdog.dir/v151/hal_watchdog_v151.c.obj
[83/234] Building C object hal/sfc/CMakeFiles/hal_sfc.dir/hal_sfc.c.obj


[84/234] Building C object hal/sfc/CMakeFiles/hal_sfc.dir/hal_sfc_v150.c.obj
[85/234] Building C object hal/sfc/CMakeFiles/hal_sfc.dir/hal_sfc_v150_regs_op.c.obj
[86/234] Building C object hal/rtc_unified/CMakeFiles/hal_rtc_unified.dir/hal_rtc.c.obj
[87/234] Building C object hal/rtc_unified/CMakeFiles/hal_rtc_unified.dir/v100/hal_rtc_v100.c.obj
[88/234] Building C object hal/rtc_unified/CMakeFiles/hal_rtc_unified.dir/v100/hal_rtc_v100_op.c.obj
[89/234] Building C object drivers/chips/ws63/CMakeFiles/chip_ws63.dir/arch/riscv/riscv31/interrupt.c.obj
[90/234] Building C object drivers/chips/ws63/CMakeFiles/chip_ws63.dir/arch/riscv/riscv31/interrupt_handler.c.obj


[91/234] Building ASM object drivers/chips/ws63/CMakeFiles/chip_ws63.dir/arch/riscv/riscv31/vectors.s.obj
[92/234] Building C object drivers/chips/ws63/CMakeFiles/chip_ws63.dir/arch/riscv/riscv31/flash_patch.c.obj
[93/234] Building C object drivers/chips/ws63/CMakeFiles/chip_ws63.dir/interrupt/interrupt_adapter.c.obj
[94/234] Building C object drivers/chips/ws63/CMakeFiles/chip_ws63.dir/vectors/vectors.c.obj
[95/234] Building C object drivers/chips/ws63/porting/arch/CMakeFiles/pmp_cfg_ws63.dir/riscv/pmp_cfg.c.obj
[96/234] Building C object drivers/chips/ws63/porting/uart/CMakeFiles/uart_port.dir/uart_porting.c.obj
[97/234] Building C object drivers/chips/ws63/porting/timer/CMakeFiles/timer_port.dir/timer_porting.c.obj
[98/234] Building C object drivers/chips/ws63/porting/systick/CMakeFiles/systick_port.dir/hal_systick.c.obj
[99/234] Building C object drivers/chips/ws63/porting/systick/CMakeFiles/systick_port.dir/hal_systick_ws63.c.obj


[100/234] Building C object drivers/chips/ws63/porting/systick/CMakeFiles/systick_port.dir/systick_porting.c.obj
[101/234] Building C object drivers/chips/ws63/porting/tcxo/CMakeFiles/tcxo_port.dir/tcxo_porting.c.obj
[102/234] Building C object drivers/chips/ws63/porting/watchdog/CMakeFiles/watchdog_port.dir/watchdog_porting.c.obj
[103/234] Building C object drivers/chips/ws63/porting/pinctrl/CMakeFiles/pinctrl_port_ws63.dir/pinctrl_porting_ws63.c.obj
[104/234] Building C object drivers/chips/ws63/porting/pmp/CMakeFiles/pmp_port.dir/pmp_porting.c.obj
[105/234] Building C object drivers/chips/ws63/porting/sfc/flash_config/CMakeFiles/sfc_flash_config_ws63.dir/flash_config_info.c.obj
[106/234] Building C object drivers/chips/ws63/porting/sfc/porting/CMakeFiles/sfc_port_ws63.dir/sfc_porting.c.obj
[107/234] Building C object drivers/chips/ws63/porting/sfc/porting/CMakeFiles/sfc_port_ws63.dir/sfc_protect.c.obj
[108/234] Building C object drivers/chips/ws63/porting/sfc/porting/CMakeFiles/sfc_port_ws63.dir/sfc_protect_gd25q32.c.obj


[109/234] Building C object drivers/chips/ws63/porting/sfc/driver/CMakeFiles/sfc_boot.dir/sfc.c.obj
[110/234] Building C object drivers/chips/ws63/porting/efuse/CMakeFiles/efuse_port.dir/efuse_porting.c.obj
[111/234] Building C object drivers/chips/ws63/porting/rtc_unified/CMakeFiles/rtc_unified_port.dir/rtc_porting.c.obj
[112/234] Building C object drivers/chips/ws63/porting/mem/CMakeFiles/nonos_malloc_port.dir/malloc_porting.c.obj
[113/234] Building C object drivers/chips/ws63/porting/reboot/CMakeFiles/reboot_port.dir/reboot_porting.c.obj
[114/234] Building C object drivers/chips/ws63/porting/soc/CMakeFiles/soc_port.dir/soc_porting.c.obj
[115/234] Building C object drivers/chips/ws63/boot/boot_porting/CMakeFiles/chip_boot_port.dir/delay/delay.c.obj
[116/234] Building C object drivers/chips/ws63/boot/boot_porting/CMakeFiles/chip_boot_port.dir/serial/serial.c.obj
[117/234] Building C object drivers/chips/ws63/boot/boot_porting/CMakeFiles/chip_boot_port.dir/watchdog/boot_watchdog.c.obj
[118/234] Building C object drivers/chips/ws63/boot/boot_porting/CMakeFiles/chip_boot_port.dir/reset/reset_porting.c.obj


[119/234] Building ASM object middleware/chips/ws63/exception/CMakeFiles/dfx_exception.dir/exception_riscv.s.obj
[120/234] Building C object middleware/chips/ws63/exception/CMakeFiles/dfx_exception.dir/exception_riscv.c.obj
[121/234] Building C object middleware/chips/ws63/partition/CMakeFiles/partition_ws63.dir/partition_porting.c.obj
[122/234] Building C object middleware/chips/ws63/update/common/CMakeFiles/update_common_ws63.dir/upg_common_porting.c.obj
[123/234] Building C object middleware/chips/ws63/update/local_update/CMakeFiles/update_local_ws63.dir/upg_encry_porting.c.obj
[124/234] Building C object middleware/chips/ws63/update/ab_upg/CMakeFiles/update_ab_ws63.dir/upg_ab.c.obj
[125/234] Building C object middleware/chips/ws63/factory/CMakeFiles/factory_ws63.dir/factory.c.obj
[126/234] Building C object utils/dfx/CMakeFiles/dfx_panic.dir/panic/private/panic.c.obj
[127/234] Building C object utils/dfx/CMakeFiles/dfx_panic.dir/panic/private/panic_rom.c.obj
[128/234] Building C object utils/dfx/CMakeFiles/dfx_preserve.dir/preserve/private/preserve.c.obj


[129/234] Building C object utils/dfx/CMakeFiles/dfx_preserve.dir/preserve/private/crash_data.c.obj
[130/234] Building C object utils/dfx/dfx_reboot/cpu_utils/CMakeFiles/cpu_utils.dir/private/cpu_utils.c.obj
[131/234] Building C object utils/dfx/dfx_reboot/reboot/CMakeFiles/reboot.dir/shared/non_os_reboot.c.obj
[132/234] Building C object utils/error_code/CMakeFiles/error_code.dir/private/error_code.c.obj
[133/234] Building C object utils/partition/CMakeFiles/partition.dir/partition.c.obj
[134/234] Building C object utils/update/common/CMakeFiles/update_common.dir/upg_alloc.c.obj
[135/234] Building C object utils/update/common/CMakeFiles/update_common.dir/upg_common.c.obj
[136/234] Building C object utils/update/common/CMakeFiles/update_common.dir/upg_verify.c.obj
[137/234] Building C object utils/update/storage/CMakeFiles/update_storage.dir/upg_storage.c.obj
[138/234] Building C object utils/update/local_update/CMakeFiles/update_local.dir/upg_encry.c.obj
[139/234] Building C object utils/update/local_update/CMakeFiles/update_local.dir/upg_lzmadec.c.obj
[140/234] Building C object utils/update/local_update/CMakeFiles/update_local.dir/upg_patch.c.obj
[141/234] Building C object utils/update/local_update/CMakeFiles/update_local.dir/upg_process.c.obj
[142/234] Building C object utils/update/local_update/CMakeFiles/update_local.dir/upg_resource.c.obj
[143/234] Building C object utils/update/local_update/CMakeFiles/update_local.dir/upg_upgrade.c.obj


[144/234] Building C object open_source/7-zip-lzma-sdk/CMakeFiles/lzma_22.00.dir/lzma_22.00/C/LzmaDec.c.obj
[145/234] Building C object open_source/libboundscheck/CMakeFiles/libboundscheck.dir/src/memcpy_s.c.obj
[146/234] Building C object open_source/libboundscheck/CMakeFiles/libboundscheck.dir/src/memmove_s.c.obj
[147/234] Building C object open_source/libboundscheck/CMakeFiles/libboundscheck.dir/src/memset_s.c.obj
[148/234] Building C object open_source/libboundscheck/CMakeFiles/libboundscheck.dir/src/securecutil.c.obj
[149/234] Building C object open_source/libboundscheck/CMakeFiles/libboundscheck.dir/src/secureprintoutput_a.c.obj
[150/234] Building C object open_source/libboundscheck/CMakeFiles/libboundscheck.dir/src/snprintf_s.c.obj
[151/234] Building C object open_source/libboundscheck/CMakeFiles/libboundscheck.dir/src/sprintf_s.c.obj
[152/234] Building C object open_source/libboundscheck/CMakeFiles/libboundscheck.dir/src/strcat_s.c.obj
[153/234] Building C object open_source/libboundscheck/CMakeFiles/libboundscheck.dir/src/strcpy_s.c.obj
[154/234] Building C object open_source/libboundscheck/CMakeFiles/libboundscheck.dir/src/strncat_s.c.obj
[155/234] Building C object open_source/libboundscheck/CMakeFiles/libboundscheck.dir/src/strncpy_s.c.obj
[156/234] Building C object open_source/libboundscheck/CMakeFiles/libboundscheck.dir/src/vsnprintf_s.c.obj
[157/234] Building C object open_source/libboundscheck/CMakeFiles/libboundscheck.dir/src/vsprintf_s.c.obj
[158/234] Building C object open_source/libboundscheck/CMakeFiles/libboundscheck.dir/src/strtok_s.c.obj


[159/234] Building C object CMakeFiles/flashboot.dir/temp/__null___.c.obj
[160/234] Linking C static library bootloader\commonboot\libcommon_boot.a
[161/234] Linking C static library bootloader\commonboot\libc\libcommon_boot_libc.a
[162/234] Linking C static library bootloader\flashboot_ws63\libflashboot_common.a
[163/234] Linking C static library kernel\non_os\non_os\libnon_os.a
[164/234] Linking C static library kernel\non_os\malloc\libnonos_malloc.a
[165/234] Linking C static library kernel\osal\libosal.a
[166/234] Linking C static library driver\pinmux\libpinctrl.a
[167/234] Linking C static library driver\pmp\libpmp.a
[168/234] Linking C static library driver\security_unified\libdrv_security_unified.a
[169/234] Linking C static library driver\systick\libsystick.a
[170/234] Linking C static library driver\tcxo\libtcxo.a
[171/234] Linking C static library driver\timer\libdrv_timer.a
[172/234] Linking C static library driver\uart\libuart.a
[173/234] Linking C static library driver\watchdog\libwatchdog.a
[174/234] Linking C static library driver\rtc_unified\librtc_unified.a
[175/234] Linking C static library driver\efuse\libefuse.a
[176/234] Linking C static library hal\cpu_core\libhal_cpu_core.a
[177/234] Linking C static library hal\efuse\libhal_efuse_v151.a


[178/234] Linking C static library hal\pinmux\libhal_pinctrl.a
[179/234] Linking C static library hal\pmp\libhal_pmp.a
[180/234] Linking C static library hal\reboot\libhal_reboot.a
[181/234] Linking C static library hal\reg_config\libhal_reg_config.a
[182/234] Linking C static library hal\security_unified\libhal_security_unified.a
[183/234] Linking C static library hal\tcxo\libhal_tcxo.a
[184/234] Linking C static library hal\timer\libhal_timer.a
[185/234] Linking C static library hal\uart\libhal_uart.a
[186/234] Linking C static library hal\watchdog\libhal_watchdog.a
[187/234] Linking C static library hal\sfc\libhal_sfc.a
[188/234] Linking C static library hal\rtc_unified\libhal_rtc_unified.a
[189/234] Linking C static library drivers\chips\ws63\libchip_ws63.a
[190/234] Linking C static library drivers\chips\ws63\porting\arch\libpmp_cfg_ws63.a
[191/234] Linking C static library drivers\chips\ws63\porting\uart\libuart_port.a
[192/234] Linking C static library drivers\chips\ws63\porting\timer\libtimer_port.a
[193/234] Linking C static library drivers\chips\ws63\porting\systick\libsystick_port.a
[194/234] Linking C static library drivers\chips\ws63\porting\tcxo\libtcxo_port.a
[195/234] Linking C static library drivers\chips\ws63\porting\watchdog\libwatchdog_port.a
[196/234] Linking C static library drivers\chips\ws63\porting\pinctrl\libpinctrl_port_ws63.a
[197/234] Linking C static library drivers\chips\ws63\porting\pmp\libpmp_port.a
[198/234] Linking C static library drivers\chips\ws63\porting\sfc\flash_config\libsfc_flash_config_ws63.a
[199/234] Linking C static library drivers\chips\ws63\porting\sfc\porting\libsfc_port_ws63.a
[200/234] Linking C static library drivers\chips\ws63\porting\sfc\driver\libsfc_boot.a
[201/234] Linking C static library drivers\chips\ws63\porting\efuse\libefuse_port.a
[202/234] Linking C static library drivers\chips\ws63\porting\rtc_unified\librtc_unified_port.a
[203/234] Linking C static library drivers\chips\ws63\porting\mem\libnonos_malloc_port.a
[204/234] Linking C static library drivers\chips\ws63\porting\reboot\libreboot_port.a
[205/234] Linking C static library drivers\chips\ws63\porting\soc\libsoc_port.a
[206/234] Linking C static library drivers\chips\ws63\boot\boot_porting\libchip_boot_port.a
[207/234] Linking C static library middleware\chips\ws63\exception\libdfx_exception.a
[208/234] Linking C static library middleware\chips\ws63\partition\libpartition_ws63.a
[209/234] Linking C static library middleware\chips\ws63\update\common\libupdate_common_ws63.a
[210/234] Linking C static library middleware\chips\ws63\update\local_update\libupdate_local_ws63.a
[211/234] Linking C static library middleware\chips\ws63\update\ab_upg\libupdate_ab_ws63.a
[212/234] Linking C static library middleware\chips\ws63\factory\libfactory_ws63.a
[213/234] Linking C static library utils\dfx\libdfx_panic.a
[214/234] Linking C static library utils\dfx\libdfx_preserve.a
[215/234] Linking C static library utils\dfx\dfx_reboot\cpu_utils\libcpu_utils.a
[216/234] Linking C static library utils\dfx\dfx_reboot\reboot\libreboot.a
[217/234] Linking C static library utils\error_code\liberror_code.a
[218/234] Linking C static library utils\partition\libpartition.a


[219/234] Linking C static library utils\update\common\libupdate_common.a
[220/234] Linking C static library utils\update\storage\libupdate_storage.a
[221/234] Linking C static library open_source\7-zip-lzma-sdk\liblzma_22.00.a
[222/234] Linking C static library utils\update\local_update\libupdate_local.a
[223/234] Linking C static library open_source\libboundscheck\liblibboundscheck.a


[224/234] Generating NV_SRC


[225/234] Linking C executable flashboot.elf


Memory region         Used Size  Region Size  %age Used
           STACK:          9 KB         9 KB    100.00%
            SRAM:        1544 B       119 KB      1.27%
FLASHBOOT_ROM_ADDR:       48568 B        64 KB     74.11%
[226/234] post_build:gen bin file
[227/234] C:\WINDOWS\system32\cmd.exe /C "cd /D C:\dsc\src\output\ws63\acore\ws63-flashboot && C:\dsc\src\tools\bin\compiler\riscv\cc_riscv32_musl_100\cc_riscv32_musl_win\bin\riscv32-linux-musl-nm.exe -S -n --format=sysv flashboot.elf > flashboot.nm"
[228/234] C:\WINDOWS\system32\cmd.exe /C "cd /D C:\dsc\src\output\ws63\acore\ws63-flashboot && C:\dsc\src\tools\bin\compiler\riscv\cc_riscv32_musl_100\cc_riscv32_musl_win\bin\riscv32-linux-musl-objdump.exe -d -m riscv flashboot.elf > flashboot.asm"
[229/234] C:\WINDOWS\system32\cmd.exe /C "cd /D C:\dsc\src\output\ws63\acore\ws63-flashboot && C:\dsc\src\tools\bin\compiler\riscv\cc_riscv32_musl_100\cc_riscv32_musl_win\bin\riscv32-linux-musl-objcopy.exe -O ihex flashboot.elf flashboot_std.hex"
[230/234] C:\WINDOWS\system32\cmd.exe /C "cd /D C:\dsc\src\output\ws63\acore\ws63-flashboot && D:\anaconda\python.exe C:/dsc/src/build/script/utils/create_hex.py flashboot.bin flashboot.hex"
[231/234] C:\WINDOWS\system32\cmd.exe /C "cd /D C:\dsc\src\output\ws63\acore\ws63-flashboot && C:\dsc\src\tools\bin\compiler\riscv\cc_riscv32_musl_100\cc_riscv32_musl_win\bin\riscv32-linux-musl-objdump.exe -x -S -l flashboot.elf > flashboot.lst"


[232/234] MEM_LIMIT


[233/234] C:\WINDOWS\system32\cmd.exe /C "cd /D C:\dsc\src\output\ws63\acore\ws63-flashboot && D:\anaconda\python.exe C:/dsc/src/build/script/utils/elftodu.py C:/dsc/src flashboot.elf C:/dsc/src/tools/bin/compiler/riscv/cc_riscv32_musl_100/cc_riscv32_musl_win/bin/riscv32-linux-musl-nm.exe > flashboot.du && D:\anaconda\python.exe C:/dsc/src/build/script/utils/mem_stats.py flashboot.lst flashboot.du C:/dsc/src/output/ws63/acore/ws63-flashboot/linker.lds ws63 > flashboot.mem"


[234/234] ws63 image sign
type: 0
cfg : param_bin_ecc.cfg

new failed1.
read file
read file
CompressFlag():::0
Final.
type: 1
cfg : root_pubk.cfg

open key file failed.
FillPublicKey() failed.
type: 0
cfg : ssb_bin_ecc.cfg

new failed1.
read file
read file
CompressFlag():::0
Final.
type: 0
cfg : flash_bin_ecc.cfg

new failed1.
read file
read file
CompressFlag():::0
Final.
type: 0
cfg : flash_backup_bin_ecc.cfg

new failed1.
read file
read file
CompressFlag():::0
Final.
type: 0
cfg : loaderboot_bin_ecc.cfg

new failed1.
read file
read file
CompressFlag():::0
Final.
type: 0
cfg : liteos_mfg_bin_factory_ecc.cfg

new failed1.
read file
read file
CompressFlag():::0
Final.
generate params.bin...
Build params success!
params.bin size:  1024
params.bin generate successfully!!!
params_sign.bin generate successfully!!!
generate fill root_pubk.bin
merge out path:  C:\dsc\src\build\config\target_config\ws63\sign_config
root_params_sign.bin generate successfully!!!
sign name:  ../../../../../output/ws63/acore\ws63-ssb/ssb.bin
../../../../../output/ws63/acore\ws63-ssb/ssb.bin size:  20800
../../../../../output/ws63/acore\ws63-ssb/ssb.bin  generated successfully!!!
ssb_sign.bin generated successfully!!!
../../../../../output/ws63/acore\ws63-flashboot/flashboot.bin size:  48568
flash_sign.bin generated successfully!!!
sign name:  ../../../../../output/ws63/acore\ws63-loaderboot/loaderboot.bin
../../../../../output/ws63/acore\ws63-loaderboot/loaderboot.bin size:  30592
../../../../../o

warning: the int symbol LFS_PARTITION_ID (defined at middleware/chips/ws63/Kconfig:105) has a non-int default 0x21 (undefined)
warning: default on the choice symbol MIDDLEWARE_SUPPORT_UPG_COMPRESS (defined at middleware/chips/ws63/Kconfig:52) will have no effect, as defaults do not affect choice symbols
warning: default on the choice symbol MIDDLEWARE_SUPPORT_UPG_AB (defined at middleware/chips/ws63/Kconfig:59) will have no effect, as defaults do not affect choice symbols
warning: default on the choice symbol MIDDLEWARE_SUPPORT_EXCEPT_REBOOT (defined at middleware/chips/ws63/Kconfig:85) will have no effect, as defaults do not affect choice symbols
warning: default on the choice symbol MIDDLEWARE_SUPPORT_EXCEPT_WAITFOREVER (defined at middleware/chips/ws63/Kconfig:91) will have no effect, as defaults do not affect choice symbols


utput/ws63/acore\ws63-loaderboot/loaderboot.bin  generated successfully!!!
loaderboot_sign.bin generated successfully!!!
merge out path:  C:\dsc\src\output\ws63\acore\boot_bin
root_loaderboot_sign.bin generated successfully!!!
sign name:  ../../../../../output/ws63/acore/boot_bin\ws63-liteos-mfg.bin
../../../../../output/ws63/acore/boot_bin\ws63-liteos-mfg.bin size:  1261248
../../../../../output/ws63/acore/boot_bin\ws63-liteos-mfg.bin  generated successfully!!!
[!][copy_files_to_interim] File `C:\dsc\src\output/ws63/acore/ws63-loaderboot/loaderboot.bin` not found, will skip it !
[!][copy_files_to_interim] File `C:\dsc\src\output/ws63/acore/ws63-loaderboot/root_loaderboot_sign.bin` not found, will skip it !
[!][copy_files_to_interim] File `C:\dsc\src\output/ws63/acore/ws63-liteos-app/efuse_cfg.bin` not found, will skip it !
[!][copy_files_to_interim] File `C:\dsc\src\output/ws63/acore/ws63-ssb/ssb.bin` not found, will skip it !
[!][copy_files_to_interim] File `C:\dsc\src\output/ws63/acore/ws63-ssb/ssb_sign.bin` not found, will skip it !
[!][copy_files_to_interim] File `C:\dsc\src\output/ws63/acore/ws63-liteos-hilink/ws63-liteos-hilink.bin` not found, will skip it !
[!][copy_files_to_interim] File `C:\dsc\src\output/ws63/acore/ws63-liteos-hilink/ws63-liteos-hilink-sign.bin` not found, will skip it !
current work direction:  c:\dsc\src
[!][nv handle]warning:  ./output/ws63/acore/nv_bin/temp/cfg/acore_nv.json  not found!
[!][nv handle]warning:  ./output/ws63/acore/nv_bin/temp/acore.etypes  not found!
struct writing in: ./output/ws63/database/cco/system/nv/nv_struct_def.txt
[!][nv handle]warning:  ./output/ws63/database/cco/system/nv/nv_struct_def.txt  not found!
python path:  D:\anaconda\python.exe
[ws63][acore] run custom cmd success!
C:\dsc\src\build\script\.\..\..\config.in
c:\dsc\src
Kconfig header saved to 'C:\dsc\src\output\ws63\acore\ws63-flashboot\mconfig.h'
######### Build target:ws63_flashboot success
ws63-flashboot takes 12.623973 s
python path:  D:\anaconda\python.exe
copy_files_to_interim ing...
['D:\\anaconda\\python.exe', 'C:\\dsc\\src\\build\\config\\target_config\\ws63\\script\\copy_files_to_interim.py', 'C:\\dsc\\src']
copy_files_to_interim done!
['D:\\anaconda\\python.exe', 'C:\\dsc\\src\\build\\config\\target_config\\ws63\\script\\nv_handle.py']
[ws63][acore] run custom cmd success!


Not searching for unused variables given on the command line.
-- BUILD_PLATFORM: windows
-- BUILD_PLATFORM: windows


-- The C compiler identification is GNU 7.3.0
-- The ASM compiler identification is GNU
-- Found assembler: C:/dsc/src/tools/bin/compiler/riscv/cc_riscv32_musl_100/cc_riscv32_musl_fp_win/bin/riscv32-linux-musl-gcc.exe


-- The CXX compiler identification is GNU 7.3.0
-- Detecting C compiler ABI info


-- Detecting C compiler ABI info - done
-- Check for working C compiler: C:/dsc/src/tools/bin/compiler/riscv/cc_riscv32_musl_100/cc_riscv32_musl_fp_win/bin/riscv32-linux-musl-gcc.exe - skipped
-- Detecting C compile features
-- Detecting C compile features - done
-- Detecting CXX compiler ABI info


LOSCFG_PLATFORM is set to ws63
LOSCFG_COMPILER_GNU_BINUTILS is set to y
LOSCFG_COMPILER_GCC is set to y
LOSCFG_COMPILER_TOOLCHAIN_MUSL is set to y
LOSCFG_COMPILER_RISCV_GCC_MUSL is set to y
LOSCFG_COMPILER_RISCV_UNKNOWN is set to y
LOSCFG_RISCV_COMPILER_OPTIONS_USER_DEFINED is set to 
LOSCFG_RISCV_COMPILER_OPTIONS_LDM_STM is set to y
LOSCFG_RISCV_COMPILER_OPTIONS_EMIT_LLI is set to y
LOSCFG_COMPILER_OPTIMIZE_SIZE is set to y
LOSCFG_FAMILY_AIOT is set to y
LOSCFG_FAMILY is set to aiot
LOSCFG_PLATFORM is set to ws63
LOSCFG_PLATFORM_WS63 is set to y
LOSCFG_USING_BOARD_LD is set to y
LOSCFG_USING_BOARD_RESET_VECTOR is set to y
LOSCFG_ARCH_FPU_ENABLE is set to y
LOSCFG_APC_ENABLE is set to y
LOSCFG_ARCH_PMU is set to y
LOSCFG_ARCH_RISCV32 is set to y
LOSCFG_ARCH_RISCV_RV32IMC is set to y
LOSCFG_ARCH_RISCV_RV32F is set to y
LOSCFG_ARCH_LINXCORE_131 is set to y
LOSCFG_KERNEL_MIN is set to y
LOSCFG_SCHED is set to y
LOSCFG_SCHED_SQ is set to y
LOSCFG_BASE_CORE_TIMESLICE is set to y
LOSCFG_BASE_CORE_TIMESLICE_TIMEOUT is set to 2
LOSCFG_BASE_CORE_TSK_MONITOR is set to y
LOSCFG_TASK_STACK_DYNAMIC_ALLOCATION is set to y
LOSCFG_BASE_CORE_TSK_LIMIT is set to 28
LOSCFG_BASE_CORE_TSK_MIN_STACK_SIZE is set to 1024
LOSCFG_BASE_CORE_TSK_DEFAULT_STACK_SIZE is set to 2048
LOSCFG_BASE_CORE_TSK_SWTMR_STACK_SIZE is set to 2048
LOSCFG_BASE_CORE_TSK_IDLE_STACK_SIZE is set to 1024
LOSCFG_BASE_CORE_TSK_DEFAULT_PRIO is set to 10
LOSCFG_BASE_CORE_TICK_PER_SECOND is set to 100
LOSCFG_BASE_CORE_USE_SINGLE_LIST is set to y
LOSCFG_STARTUP_STACK_SIZE is set to 0x4000
LOSCFG_KERNEL_MEM_ALLOC is set to y
LOSCFG_KERNEL_MEM_BESTFIT is set to y
LOSCFG_KERNEL_MEM_SLAB_EXTENTION is set to y
LOSCFG_ARCH_INTERRUPT_TAKEOVER is set to y
LOSCFG_ARCH_INTERRUPT_PREEMPTION is set to y
LOSCFG_HWI_PRE_POST_PROCESS is set to y
LOSCFG_HWI_WITH_ARG is set to y
LOSCFG_IRQ_STACK_SIZE is set to 0x2000
LOSCFG_NMI_STACK_SIZE is set to 0x800
LOSCFG_PLATFORM_HWI_LIMIT is set to 96
LOSCFG_HWI_PRIO_LIMIT is set to 7
LOSCFG_EXC_STACK_SIZE is set to 0x800
LOSCFG_BASE_CORE_SWTMR is set to y
LOSCFG_BASE_CORE_SWTMR_LIMIT is set to 16
LOSCFG_BASE_IPC_QUEUE is set to y
LOSCFG_QUEUE_DYNAMIC_ALLOCATION is set to y
LOSCFG_BASE_IPC_QUEUE_LIMIT is set to 16
LOSCFG_BASE_IPC_EVENT is set to y
LOSCFG_BASE_IPC_MUX is set to y
LOSCFG_MUTEX_WAITMODE_PRIO is set to y
LOSCFG_BASE_IPC_MUX_LIMIT is set to 60
LOSCFG_BASE_IPC_SEM is set to y
LOSCFG_BASE_IPC_SEM_LIMIT is set to 32
LOSCFG_KERNEL_PRINTF is set to y
LOSCFG_KERNEL_PRINTF_SIZE_EXTEND is set to y
LOSCFG_KERNEL_RINGBUF is set to y
LOSCFG_BASE_CORE_SYS_RES_CHECK is set to y
LOSCFG_LIB_LIBC is set to y
LOSCFG_LIB_LIBM is set to y
LOSCFG_LIB_FORMAT is set to y
LOSCFG_COMPAT_CMSIS is set to y
LOSCFG_COMPAT_CMSIS_VER_2 is set to y
LOSCFG_COMPAT_LINUX is set to y
LOSCFG_COMPAT_LINUX_PENDLIST is set to y
LOSCFG_COMPAT_LINUX_TIMER is set to y
LOSCFG_COMPAT_LINUX_COMPLETION is set to y
LOSCFG_COMPAT_LINUX_WAITQUEUE is set to y
LOSCFG_COMPAT_LINUX_DRIVER_BASE is set to y
LOSCFG_NET_IPERF is set to y
LOSCFG_BACKTRACE is set to y
LOSCFG_SERIAL_OUTPUT_ENABLE is set to y
LOSCFG_KERNEL_CPUP is set to y
LOSCFG_DRIVERS_BASE is set to y
LOSCFG_RISCV_HIMIDEERV200_PLIC is set to y
LOSCFG_TIMER_VENDOR is set to y
LOSCFG_DRIVERS_UART_VENDOR is set to y
LOSCFG_DRIVERS_SIMPLE_UART is set to y
LOSCFG_CC_NO_STACKPROTECTOR is set to y
CMAKE_TOOLCHAIN_FILE is defined ahead, skip auto-config compiler
CMAKE_TOOLCHAIN_FILE is defined ahead, skip auto-config compiler
OUT:C:/dsc/src/output/ws63/acore/ws63-liteos-app/kernel/liteos/liteos_v208.5.0
LITEOS_MODULE_DEP_LIBS_PATH:
LITEOS_DEP_LIBS_INT:
LITEOS_DEP_LIBS_EXT:gcc;gcc_eh
LITEOS_BASELIB:m;gcc;gcc_eh
LOS_INTF_DEP_TARGETS:


-- Detecting CXX compiler ABI info - failed
-- Detecting CXX compile features
-- Detecting CXX compile features - done
-- COM_HEADER-includeC:/dsc/src/output/ws63/acore/ws63-liteos-app/kernel/liteos/liteos_v208.5.0/menuconfig/include/menuconfig.h


-- C:/dsc/src/drivers/chips/ws63/porting/patch/sfc_patch.c is not found, finding libplat_patch.a in C:/dsc/src/drivers/chips/ws63/porting/patch/ws63-liteos-app


-- C:/dsc/src/drivers/chips/ws63/rom_config/acore/output/rom_callback.S is not found, finding librom_callback.a in C:/dsc/src/drivers/chips/ws63/ws63-liteos-app


GEN_TARGET_SRC = C:/dsc/src/output/ws63/acore/acore.c
PRECOMPILE_TARGET = C:/dsc/src/output/ws63/acore/acore.etypes
TARGET_INCLUDE = C:/dsc/src/middleware/chips/ws63/nv/nv_config/include;C:/dsc/src/middleware/utils/common_headers/native
Build wifi device with rom repo!


-- C:/dsc/src/middleware/utils/at/at_bt_cmd/src/at_bt_cmd_register.c is not found, finding libbt_at.a in C:/dsc/src/middleware/utils/at/at_bt_cmd/ws63-liteos-app
-- C:/dsc/src/middleware/utils/at/at_radar_cmd/at/at_radar.c is not found, finding libradar_at.a in C:/dsc/src/middleware/utils/at/at_radar_cmd/ws63-liteos-app
-- C:/dsc/src/protocol/wifi/rom_code/ws63/source/alg/iot_alg/device/alg_main.c is not found, finding libwifi_driver_dmac.a in C:/dsc/src/protocol/wifi/ws63-liteos-app
-- C:/dsc/src/protocol/wifi/rom_code/ws63/source/common/romable/wifi_rom_data.c is not found, finding libwifi_rom_data.a in C:/dsc/src/protocol/wifi/ws63-liteos-app
-- C:/dsc/src/protocol/wifi/source/host/feature/interface/hmac_feature_interface.c is not found, finding libwifi_driver_hmac.a in C:/dsc/src/protocol/wifi/ws63-liteos-app
-- C:/dsc/src/protocol/wifi/source/host/forward/hmac_rx_data.c is not found, finding libwifi_driver_tcm.a in C:/dsc/src/protocol/wifi/ws63-liteos-app
-- C:/dsc/src/protocol/wifi/source/alg/iot_alg/host/alg_txbf.c is not found, finding libwifi_alg_txbf.a in C:/dsc/src/protocol/wifi/ws63-liteos-app


BGTP_PROJECT=ws63
BGTP_ROM_VERSION=true
BGTP_DEVICE_ONLY=false
BG COMMON BTH_ROM_LIST:__null__
BTH_ROM_LIST:__null__
BTH_ROM_LIST:__null__
BTH_PUBLIC_HEADER_LIST=


-- C:/dsc/src/protocol/wifi/source/alg/iot_alg/host/alg_temp_protect.c is not found, finding libwifi_alg_temp_protect.a in C:/dsc/src/protocol/wifi/ws63-liteos-app
-- C:/dsc/src/protocol/wifi/source/alg/iot_alg/host/alg_anti_interference.c is not found, finding libwifi_alg_anti_interference.a in C:/dsc/src/protocol/wifi/ws63-liteos-app
-- C:/dsc/src/protocol/wifi/source/alg/iot_alg/host/alg_edca_opt.c is not found, finding libwifi_alg_edca_opt.a in C:/dsc/src/protocol/wifi/ws63-liteos-app
-- C:/dsc/src/protocol/wifi/source/alg/iot_alg/host/alg_cca_intrf_mode.c is not found, finding libwifi_alg_cca_opt.a in C:/dsc/src/protocol/wifi/ws63-liteos-app
-- C:/dsc/src/protocol/bt/controller/bgtp/__null__ is not found, finding libbgtp.a in C:/dsc/src/protocol/bt/controller/bgtp/ws63-liteos-app
-- C:/dsc/src/protocol/bt/controller/bgtp/__null__ is not found, finding libbgtp_rom_data.a in C:/dsc/src/protocol/bt/controller/bgtp/ws63-liteos-app
-- C:/dsc/src/protocol/bt/host/bg_common/__null__ is not found, finding libbg_common.a in C:/dsc/src/protocol/bt/host/bg_common/ws63-liteos-app
-- C:/dsc/src/protocol/bt/host/bt/__null__ is not found, finding libbt_app.a in C:/dsc/src/protocol/bt/host/bt/ws63-liteos-app
-- C:/dsc/src/protocol/bt/host/bt/sdk/__null__ is not found, finding libbth_sdk.a in C:/dsc/src/protocol/bt/host/bt/sdk/ws63-liteos-app
-- C:/dsc/src/protocol/bt/host/bt/__null__ is not found, finding libbt_host.a in C:/dsc/src/protocol/bt/host/bt/ws63-liteos-app
-- C:/dsc/src/protocol/bt/host/gle/__null__ is not found, finding libbth_gle.a in C:/dsc/src/protocol/bt/host/gle/ws63-liteos-app
-- C:/dsc/src/protocol/radar/alg_ai/radar_ai_attention_layer.c is not found, finding libradar_ai.a in C:/dsc/src/protocol/radar/alg_ai/ws63-liteos-app
-- project_name:
-- C:/dsc/src/protocol/radar/plat/radar_service.c is not found, finding libradar_sensing.a in C:/dsc/src/protocol/radar/plat/ws63-liteos-app
-- Configuring done (5.8s)


-- Generating done (3.4s)


-- Build files have been written to: C:/dsc/src/output/ws63/acore/ws63-liteos-app


[1/788] Building C object CMakeFiles/gmssl_hmac_sm3.dir/open_source/GmSSL3.0/src/sm3.c.obj
[2/788] Building C object CMakeFiles/gmssl_hmac_sm3.dir/open_source/GmSSL3.0/src/sm3_hmac.c.obj
[3/788] Building C object CMakeFiles/mbedtls.dir/open_source/mbedtls/mbedtls_v3.1.0/library/aes.c.obj
[4/788] Building C object CMakeFiles/mbedtls.dir/open_source/mbedtls/mbedtls_v3.1.0/library/aesni.c.obj
[5/788] Building C object CMakeFiles/mbedtls.dir/open_source/mbedtls/mbedtls_v3.1.0/library/aria.c.obj
[6/788] Building C object CMakeFiles/mbedtls.dir/open_source/mbedtls/mbedtls_v3.1.0/library/asn1parse.c.obj
[7/788] Building C object CMakeFiles/mbedtls.dir/open_source/mbedtls/mbedtls_v3.1.0/library/asn1write.c.obj
[8/788] Building C object CMakeFiles/mbedtls.dir/open_source/mbedtls/mbedtls_v3.1.0/library/base64.c.obj
[9/788] Building C object CMakeFiles/mbedtls.dir/open_source/mbedtls/mbedtls_v3.1.0/library/camellia.c.obj
[10/788] Building C object CMakeFiles/mbedtls.dir/open_source/mbedtls/mbedtls_v3.1.0/library/ccm.c.obj
[11/788] Building C object CMakeFiles/mbedtls.dir/open_source/mbedtls/mbedtls_v3.1.0/library/chacha20.c.obj
[12/788] Building C object CMakeFiles/mbedtls.dir/open_source/mbedtls/mbedtls_v3.1.0/library/chachapoly.c.obj
[13/788] Building C object CMakeFiles/mbedtls.dir/open_source/mbedtls/mbedtls_v3.1.0/library/cipher.c.obj
[14/788] Building C object CMakeFiles/mbedtls.dir/open_source/mbedtls/mbedtls_v3.1.0/library/cipher_wrap.c.obj


[15/788] Building C object CMakeFiles/mbedtls.dir/open_source/mbedtls/mbedtls_v3.1.0/library/cmac.c.obj
[16/788] Building C object CMakeFiles/mbedtls.dir/open_source/mbedtls/mbedtls_v3.1.0/library/constant_time.c.obj
[17/788] Building C object CMakeFiles/mbedtls.dir/open_source/mbedtls/mbedtls_v3.1.0/library/ctr_drbg.c.obj
[18/788] Building C object CMakeFiles/mbedtls.dir/open_source/mbedtls/mbedtls_v3.1.0/library/debug.c.obj
[19/788] Building C object CMakeFiles/mbedtls.dir/open_source/mbedtls/mbedtls_v3.1.0/library/des.c.obj
[20/788] Building C object CMakeFiles/mbedtls.dir/open_source/mbedtls/mbedtls_v3.1.0/library/dhm.c.obj
[21/788] Building C object CMakeFiles/mbedtls.dir/open_source/mbedtls/mbedtls_v3.1.0/library/ecdh.c.obj
[22/788] Building C object CMakeFiles/mbedtls.dir/open_source/mbedtls/mbedtls_v3.1.0/library/ecdsa.c.obj
[23/788] Building C object CMakeFiles/mbedtls.dir/open_source/mbedtls/mbedtls_v3.1.0/library/ecjpake.c.obj
[24/788] Building C object CMakeFiles/mbedtls.dir/open_source/mbedtls/mbedtls_v3.1.0/library/ecp.c.obj
[25/788] Building C object CMakeFiles/mbedtls.dir/open_source/mbedtls/mbedtls_v3.1.0/library/ecp_curves.c.obj
[26/788] Building C object CMakeFiles/mbedtls.dir/open_source/mbedtls/mbedtls_v3.1.0/library/entropy.c.obj
[27/788] Building C object CMakeFiles/mbedtls.dir/open_source/mbedtls/mbedtls_v3.1.0/library/error.c.obj
[28/788] Building C object CMakeFiles/mbedtls.dir/open_source/mbedtls/mbedtls_v3.1.0/library/gcm.c.obj
[29/788] Building C object CMakeFiles/mbedtls.dir/open_source/mbedtls/mbedtls_v3.1.0/library/hmac_drbg.c.obj
[30/788] Building C object CMakeFiles/mbedtls.dir/open_source/mbedtls/mbedtls_v3.1.0/library/hkdf.c.obj
[31/788] Building C object CMakeFiles/mbedtls.dir/open_source/mbedtls/mbedtls_v3.1.0/library/md.c.obj
[32/788] Building C object CMakeFiles/mbedtls.dir/open_source/mbedtls/mbedtls_v3.1.0/library/md5.c.obj
[33/788] Building C object CMakeFiles/mbedtls.dir/open_source/mbedtls/mbedtls_v3.1.0/library/memory_buffer_alloc.c.obj
[34/788] Building C object CMakeFiles/mbedtls.dir/open_source/mbedtls/mbedtls_v3.1.0/library/mps_reader.c.obj
[35/788] Building C object CMakeFiles/mbedtls.dir/open_source/mbedtls/mbedtls_v3.1.0/library/mps_trace.c.obj
[36/788] Building C object CMakeFiles/mbedtls.dir/open_source/mbedtls/mbedtls_v3.1.0/library/nist_kw.c.obj
[37/788] Building C object CMakeFiles/mbedtls.dir/open_source/mbedtls/mbedtls_v3.1.0/library/oid.c.obj
[38/788] Building C object CMakeFiles/mbedtls.dir/open_source/mbedtls/mbedtls_v3.1.0/library/padlock.c.obj
[39/788] Building C object CMakeFiles/mbedtls.dir/open_source/mbedtls/mbedtls_v3.1.0/library/pem.c.obj
[40/788] Building C object CMakeFiles/mbedtls.dir/open_source/mbedtls/mbedtls_v3.1.0/library/pk.c.obj
[41/788] Building C object CMakeFiles/mbedtls.dir/open_source/mbedtls/mbedtls_v3.1.0/library/pk_wrap.c.obj
[42/788] Building C object CMakeFiles/mbedtls.dir/open_source/mbedtls/mbedtls_v3.1.0/library/pkcs5.c.obj
[43/788] Building C object CMakeFiles/mbedtls.dir/open_source/mbedtls/mbedtls_v3.1.0/library/pkcs12.c.obj
[44/788] Building C object CMakeFiles/mbedtls.dir/open_source/mbedtls/mbedtls_v3.1.0/library/pkparse.c.obj
[45/788] Building C object CMakeFiles/mbedtls.dir/open_source/mbedtls/mbedtls_v3.1.0/library/pkwrite.c.obj
[46/788] Building C object CMakeFiles/mbedtls.dir/open_source/mbedtls/mbedtls_v3.1.0/library/platform.c.obj


[47/788] Building C object CMakeFiles/mbedtls.dir/open_source/mbedtls/mbedtls_v3.1.0/library/platform_util.c.obj
[48/788] Building C object CMakeFiles/mbedtls.dir/open_source/mbedtls/mbedtls_v3.1.0/library/poly1305.c.obj
[49/788] Building C object CMakeFiles/mbedtls.dir/open_source/mbedtls/mbedtls_v3.1.0/library/ripemd160.c.obj
[50/788] Building C object CMakeFiles/mbedtls.dir/open_source/mbedtls/mbedtls_v3.1.0/library/rsa.c.obj
[51/788] Building C object CMakeFiles/mbedtls.dir/open_source/mbedtls/mbedtls_v3.1.0/library/rsa_alt_helpers.c.obj
[52/788] Building C object CMakeFiles/mbedtls.dir/open_source/mbedtls/mbedtls_v3.1.0/library/sha1.c.obj
[53/788] Building C object CMakeFiles/mbedtls.dir/open_source/mbedtls/mbedtls_v3.1.0/library/sha256.c.obj
[54/788] Building C object CMakeFiles/mbedtls.dir/open_source/mbedtls/mbedtls_v3.1.0/library/sha512.c.obj
[55/788] Building C object CMakeFiles/mbedtls.dir/open_source/mbedtls/mbedtls_v3.1.0/library/ssl_cache.c.obj
[56/788] Building C object CMakeFiles/mbedtls.dir/open_source/mbedtls/mbedtls_v3.1.0/library/ssl_ciphersuites.c.obj
[57/788] Building C object CMakeFiles/mbedtls.dir/open_source/mbedtls/mbedtls_v3.1.0/library/ssl_cli.c.obj
[58/788] Building C object CMakeFiles/mbedtls.dir/open_source/mbedtls/mbedtls_v3.1.0/library/ssl_cookie.c.obj
[59/788] Building C object CMakeFiles/mbedtls.dir/open_source/mbedtls/mbedtls_v3.1.0/library/ssl_debug_helpers_generated.c.obj
[60/788] Building C object CMakeFiles/mbedtls.dir/open_source/mbedtls/mbedtls_v3.1.0/library/ssl_msg.c.obj
[61/788] Building C object CMakeFiles/mbedtls.dir/open_source/mbedtls/mbedtls_v3.1.0/library/ssl_srv.c.obj
[62/788] Building C object CMakeFiles/mbedtls.dir/open_source/mbedtls/mbedtls_v3.1.0/library/ssl_ticket.c.obj
[63/788] Building C object CMakeFiles/mbedtls.dir/open_source/mbedtls/mbedtls_v3.1.0/library/ssl_tls.c.obj
[64/788] Building C object CMakeFiles/mbedtls.dir/open_source/mbedtls/mbedtls_v3.1.0/library/ssl_tls13_client.c.obj
[65/788] Building C object CMakeFiles/mbedtls.dir/open_source/mbedtls/mbedtls_v3.1.0/library/ssl_tls13_generic.c.obj
[66/788] Building C object CMakeFiles/mbedtls.dir/open_source/mbedtls/mbedtls_v3.1.0/library/ssl_tls13_server.c.obj
[67/788] Building C object CMakeFiles/mbedtls.dir/open_source/mbedtls/mbedtls_v3.1.0/library/ssl_tls13_keys.c.obj
[68/788] Building C object CMakeFiles/mbedtls.dir/open_source/mbedtls/mbedtls_v3.1.0/library/threading.c.obj
[69/788] Building C object CMakeFiles/mbedtls.dir/open_source/mbedtls/mbedtls_v3.1.0/library/version.c.obj
[70/788] Building C object CMakeFiles/mbedtls.dir/open_source/mbedtls/mbedtls_v3.1.0/library/version_features.c.obj
[71/788] Building C object CMakeFiles/mbedtls.dir/open_source/mbedtls/mbedtls_v3.1.0/library/x509.c.obj
[72/788] Building C object CMakeFiles/mbedtls.dir/open_source/mbedtls/mbedtls_v3.1.0/library/x509_create.c.obj
[73/788] Building C object CMakeFiles/mbedtls.dir/open_source/mbedtls/mbedtls_v3.1.0/library/x509_crl.c.obj
[74/788] Building C object CMakeFiles/mbedtls.dir/open_source/mbedtls/mbedtls_v3.1.0/library/x509_crt.c.obj
[75/788] Building C object CMakeFiles/mbedtls.dir/open_source/mbedtls/mbedtls_v3.1.0/library/x509_csr.c.obj
[76/788] Building C object CMakeFiles/mbedtls.dir/open_source/mbedtls/mbedtls_v3.1.0/library/x509write_crt.c.obj
[77/788] Building C object CMakeFiles/mbedtls.dir/open_source/mbedtls/mbedtls_v3.1.0/library/x509write_csr.c.obj
[78/788] Building C object CMakeFiles/mbedtls.dir/open_source/mbedtls/mbedtls_v3.1.0/library/net_sockets.c.obj
[79/788] Building C object CMakeFiles/mbedtls.dir/open_source/mbedtls/mbedtls_v3.1.0/harden/src/cipher_adapt.c.obj
[80/788] Building C object CMakeFiles/mbedtls.dir/open_source/mbedtls/mbedtls_v3.1.0/harden/src/cipher_common.c.obj


[81/788] Building C object CMakeFiles/mbedtls.dir/open_source/mbedtls/mbedtls_v3.1.0/harden/src/cmac_harden.c.obj
[82/788] Building C object CMakeFiles/mbedtls.dir/open_source/mbedtls/mbedtls_v3.1.0/harden/src/ecc_harden_common.c.obj
[83/788] Building C object CMakeFiles/mbedtls.dir/open_source/mbedtls/mbedtls_v3.1.0/harden/src/hkdf_harden.c.obj
[84/788] Building C object CMakeFiles/mbedtls.dir/open_source/mbedtls/mbedtls_v3.1.0/harden/src/pbkdf2_hmac_harden.c.obj
[85/788] Building C object CMakeFiles/mbedtls.dir/open_source/mbedtls/mbedtls_v3.1.0/harden/src/bignum_harden.c.obj
[86/788] Building C object CMakeFiles/mbedtls.dir/open_source/mbedtls/mbedtls_v3.1.0/harden/src/entropy_harden.c.obj
[87/788] Building C object CMakeFiles/mbedtls.dir/open_source/mbedtls/mbedtls_v3.1.0/harden/src/dfx.c.obj
[88/788] Building C object CMakeFiles/mbedtls.dir/open_source/mbedtls/mbedtls_v3.1.0/harden/src/gcm_harden.c.obj
[89/788] Building C object CMakeFiles/mbedtls.dir/open_source/mbedtls/mbedtls_v3.1.0/harden/src/ccm_harden.c.obj
[90/788] Building C object CMakeFiles/mbedtls.dir/open_source/mbedtls/mbedtls_v3.1.0/harden/src/hash_harden_common.c.obj
[91/788] Building C object CMakeFiles/mbedtls.dir/open_source/mbedtls/mbedtls_v3.1.0/harden/src/connect_src/hash_harden_adapt.c.obj
[92/788] Building C object CMakeFiles/mbedtls.dir/open_source/mbedtls/mbedtls_v3.1.0/harden/src/connect_src/sha1.c.obj
[93/788] Building C object CMakeFiles/mbedtls.dir/open_source/mbedtls/mbedtls_v3.1.0/harden/src/connect_src/sha256.c.obj
[94/788] Building C object CMakeFiles/mbedtls.dir/open_source/mbedtls/mbedtls_v3.1.0/harden/src/connect_src/sha512.c.obj
[95/788] Building C object CMakeFiles/mbedtls.dir/open_source/mbedtls/mbedtls_v3.1.0/harden/src/connect_src/aes.c.obj
[96/788] Building C object CMakeFiles/mbedtls.dir/open_source/mbedtls/mbedtls_v3.1.0/harden/src/connect_src/aes_harden_adapt.c.obj
[97/788] Building C object CMakeFiles/mbedtls.dir/open_source/mbedtls/mbedtls_v3.1.0/harden/src/connect_src/ecp.c.obj
[98/788] Building C object CMakeFiles/mbedtls.dir/open_source/mbedtls/mbedtls_v3.1.0/harden/src/connect_src/ecp_harden_adapt.c.obj
[99/788] Building C object CMakeFiles/mbedtls.dir/open_source/mbedtls/mbedtls_v3.1.0/library/bignum.c.obj
In file included from C:/dsc/src/open_source/mbedtls/mbedtls_v3.1.0/library/bignum.c:40:0:
C:/dsc/src/open_source/mbedtls/mbedtls_v3.1.0/library/bignum.c: In function 'mbedtls_mpi_exp_mod':
C:/dsc/src/open_source/mbedtls/mbedtls_v3.1.0/include/mbedtls/bignum.h:56:13: warning: jump skips variable initialization [-Wjump-misses-init]
             goto cleanup;        \
             ^
C:/dsc/src/open_source/mbedtls/mbedtls_v3.1.0/library/bignum.c:2204:5: note: in expansion of macro 'MBEDTLS_MPI_CHK'
     MBEDTLS_MPI_CHK( mbedtls_mpi_grow( &W[x_index], j ) );
     ^~~~~~~~~~~~~~~
C:/dsc/src/open_source/mbedtls/mbedtls_v3.1.0/library/bignum.c:2396:1: note: label 'cleanup' defined here
 cleanup:
 ^~~~~~~
C:/dsc/src/open_source/mbedtls/mbedtls_v3.1.0/library/bignum.c:2295:12: note: 'exponent_bits_in_window' declared here
     size_t exponent_bits_in_window = 0;
            ^~~~~~~~~~~~~~~~~~~~~~~
In file included from C:/dsc/src/open_source/mbedtls/mbedtls_v3.1.0/library/bignum.c:40:0:
C:/dsc/src/open_source/mbedtls/mbedtls_v3.1.0/include/mbedtls/bignum.h:56:13: warning: jump skips variable initialization [-Wjump-misses-init]
             goto cleanup;        \
             ^
C:/dsc/src/open_source/mbedtls/mbedtls_v3.1.0/library/bignum.c:2205:5: note: in expansion of macro 'MBEDTLS_MPI_CHK'
     MBEDTLS_MPI_CHK( mbedtls_mpi_grow( &W[1],  j ) );
     ^~~~~~~~~~~~~~~
C:/dsc/src/open_source/mbedtls/mbedtls_v3.1.0/library/bignum.c:2396:1: note: label 'cleanup' defined here
 cleanup:
 ^~~~~~~
C:/dsc/src/open_source/mbedtls/mbedtls_v3.1.0/library/bignum.c:2295:12: note: 'exponent_bits_in_window' declared here
     size_t exponent_bits_in_window = 0;
            ^~~~~~~~~~~~~~~~~~~~~~~
In file included from C:/dsc/src/open_source/mbedtls/mbedtls_v3.1.0/library/bignum.c:40:0:
C:/dsc/src/open_source/mbedtls/mbedtls_v3.1.0/include/mbedtls/bignum.h:56:13: warning: jump skips variable initialization [-Wjump-misses-init]
             goto cleanup;        \
             ^
C:/dsc/src/open_source/mbedtls/mbedtls_v3.1.0/library/bignum.c:2206:5: note: in expansion of macro 'MBEDTLS_MPI_CHK'
     MBEDTLS_MPI_CHK( mbedtls_mpi_grow( &T, j * 2 ) );
     ^~~~~~~~~~~~~~~
C:/dsc/src/open_source/mbedtls/mbedtls_v3.1.0/library/bignum.c:2396:1: note: label 'cleanup' defined here
 cleanup:
 ^~~~~~~
C:/dsc/src/open_source/mbedtls/mbedtls_v3.1.0/library/bignum.c:2295:12: note: 'exponent_bits_in_window' declared here
     size_t exponent_bits_in_window = 0;
            ^~~~~~~~~~~~~~~~~~~~~~~
In file included from C:/dsc/src/open_source/mbedtls/mbedtls_v3.1.0/library/bignum.c:40:0:
C:/dsc/src/open_source/mbedtls/mbedtls_v3.1.0/include/mbedtls/bignum.h:56:13: warning: jump skips variable initialization [-Wjump-misses-init]
             goto cleanup;        \
             ^
C:/dsc/src/open_source/mbedtls/mbedtls_v3.1.0/library/bignum.c:2214:9: note: in expansion of macro 'MBEDTLS_MPI_CHK'
         MBEDTLS_MPI_CHK( mbedtls_mpi_copy( &Apos, A ) );
         ^~~~~~~~~~~~~~~
C:/dsc/src/open_source/mbedtls/mbedtls_v3.1.0/library/bignum.c:2396:1: note: label 'cleanup' defined here
 cleanup:
 ^~~~~~~
C:/dsc/src/open_source/mbedtls/mbedtls_v3.1.0/library/bignum.c:2295:12: note: 'exponent_bits_in_window' declared here
     size_t exponent_bits_in_window = 0;
            ^~~~~~~~~~~~~~~~~~~~~~~
In file included from C:/dsc/src/open_source/mbedtls/mbedtls_v3.1.0/library/bignum.c:40:0:
C:/dsc/src/open_source/mbedtls/mbedtls_v3.1.0/include/mbedtls/bignum.h:56:13: warning: jump skips variable initialization [-Wjump-misses-init]
             goto cleanup;        \
             ^
C:/dsc/src/open_source/mbedtls/mbedtls_v3.1.0/library/bignum.c:2240:9: note: in expansion of macro 'MBEDTLS_MPI_CHK'
         MBEDTLS_MPI_CHK( mbedtls_mpi_mod_mpi( &W[1], A, N ) );
         ^~~~~~~~~~~~~~~
C:/dsc/src/open_source/mbedtls/mbedtls_v3.1.0/library/bignum.c:2396:1: note: label 'cleanup' defined here
 cleanup:
 ^~~~~~~
C:/dsc/src/open_source/mbedtls/mbedtls_v3.1.0/library/bignum.c:2295:12: note: 'exponent_bits_in_window' declared here
     size_t exponent_bits_in_window = 0;
            ^~~~~~~~~~~~~~~~~~~~~~~
In file included from C:/dsc/src/open_source/mbedtls/mbedtls_v3.1.0/library/bignum.c:40:0:
C:/dsc/src/open_source/mbedtls/mbedtls_v3.1.0/include/mbedtls/bignum.h:56:13: warning: jump skips variable initialization [-Wjump-misses-init]
             goto cleanup;        \
             ^
C:/dsc/src/open_source/mbedtls/mbedtls_v3.1.0/library/bignum.c:2244:9: note: in expansion of macro 'MBEDTLS_MPI_CHK'
         MBEDTLS_MPI_CHK( mbedtls_mpi_grow( &W[1], N->n + 1 ) );
         ^~~~~~~~~~~~~~~
C:/dsc/src/open_source/mbedtls/mbedtls_v3.1.0/library/bignum.c:2396:1: note: label 'cleanup' defined here
 cleanup:
 ^~~~~~~
C:/dsc/src/open_source/mbedtls/mbedtls_v3.1.0/library/bignum.c:2295:12: note: 'exponent_bits_in_window' declared here
     size_t exponent_bits_in_window = 0;
            ^~~~~~~~~~~~~~~~~~~~~~~
In file included from C:/dsc/src/open_source/mbedtls/mbedtls_v3.1.0/library/bignum.c:40:0:
C:/dsc/src/open_source/mbedtls/mbedtls_v3.1.0/include/mbedtls/bignum.h:56:13: warning: jump skips variable initialization [-Wjump-misses-init]
             goto cleanup;        \
             ^
C:/dsc/src/open_source/mbedtls/mbedtls_v3.1.0/library/bignum.c:2247:9: note: in expansion of macro 'MBEDTLS_MPI_CHK'
         MBEDTLS_MPI_CHK( mbedtls_mpi_copy( &W[1], A ) );
         ^~~~~~~~~~~~~~~
C:/dsc/src/open_source/mbedtls/mbedtls_v3.1.0/library/bignum.c:2396:1: note: label 'cleanup' defined here
 cleanup:
 ^~~~~~~
C:/dsc/src/open_source/mbedtls/mbedtls_v3.1.0/library/bignum.c:2295:12: note: 'exponent_bits_in_window' declared here
     size_t exponent_bits_in_window = 0;
            ^~~~~~~~~~~~~~~~~~~~~~~
In file included from C:/dsc/src/open_source/mbedtls/mbedtls_v3.1.0/library/bignum.c:40:0:
C:/dsc/src/open_source/mbedtls/mbedtls_v3.1.0/include/mbedtls/bignum.h:56:13: warning: jump skips variable initialization [-Wjump-misses-init]
             goto cleanup;        \
             ^
C:/dsc/src/open_source/mbedtls/mbedtls_v3.1.0/library/bignum.c:2256:5: note: in expansion of macro 'MBEDTLS_MPI_CHK'
     MBEDTLS_MPI_CHK( mbedtls_mpi_copy( &W[x_index], &RR ) );
     ^~~~~~~~~~~~~~~
C:/dsc/src/open_source/mbedtls/mbedtls_v3.1.0/library/bignum.c:2396:1: note: label 'cleanup' defined here
 cleanup:
 ^~~~~~~
C:/dsc/src/open_source/mbedtls/mbedtls_v3.1.0/library/bignum.c:2295:12: note: 'exponent_bits_in_window' declared here
     size_t exponent_bits_in_window = 0;
            ^~~~~~~~~~~~~~~~~~~~~~~
In file included from C:/dsc/src/open_source/mbedtls/mbedtls_v3.1.0/library/bignum.c:40:0:
C:/dsc/src/open_source/mbedtls/mbedtls_v3.1.0/include/mbedtls/bignum.h:56:13: warning: jump skips variable initialization [-Wjump-misses-init]
             goto cleanup;        \
             ^
C:/dsc/src/open_source/mbedtls/mbedtls_v3.1.0/library/bignum.c:2274:9: note: in expansion of macro 'MBEDTLS_MPI_CHK'
         MBEDTLS_MPI_CHK( mbedtls_mpi_grow( &W[j], N->n + 1 ) );
         ^~~~~~~~~~~~~~~
C:/dsc/src/open_source/mbedtls/mbedtls_v3.1.0/library/bignum.c:2396:1: note: label 'cleanup' defined here
 cleanup:
 ^~~~~~~
C:/dsc/src/open_source/mbedtls/mbedtls_v3.1.0/library/bignum.c:2295:12: note: 'exponent_bits_in_window' declared here
     size_t exponent_bits_in_window = 0;
            ^~~~~~~~~~~~~~~~~~~~~~~
In file included from C:/dsc/src/open_source/mbedtls/mbedtls_v3.1.0/library/bignum.c:40:0:
C:/dsc/src/open_source/mbedtls/mbedtls_v3.1.0/include/mbedtls/bignum.h:56:13: warning: jump skips variable initialization [-Wjump-misses-init]
             goto cleanup;        \
             ^
C:/dsc/src/open_source/mbedtls/mbedtls_v3.1.0/library/bignum.c:2275:9: note: in expansion of macro 'MBEDTLS_MPI_CHK'
         MBEDTLS_MPI_CHK( mbedtls_mpi_copy( &W[j], &W[1]    ) );
         ^~~~~~~~~~~~~~~
C:/dsc/src/open_source/mbedtls/mbedtls_v3.1.0/library/bignum.c:2396:1: note: label 'cleanup' defined here
 cleanup:
 ^~~~~~~
C:/dsc/src/open_source/mbedtls/mbedtls_v3.1.0/library/bignum.c:2295:12: note: 'exponent_bits_in_window' declared here
     size_t exponent_bits_in_window = 0;
            ^~~~~~~~~~~~~~~~~~~~~~~
In file included from C:/dsc/src/open_source/mbedtls/mbedtls_v3.1.0/library/bignum.c:40:0:
C:/dsc/src/open_source/mbedtls/mbedtls_v3.1.0/include/mbedtls/bignum.h:56:13: warning: jump skips variable initialization [-Wjump-misses-init]
             goto cleanup;        \
             ^
C:/dsc/src/open_source/mbedtls/mbedtls_v3.1.0/library/bignum.c:2285:13: note: in expansion of macro 'MBEDTLS_MPI_CHK'
             MBEDTLS_MPI_CHK( mbedtls_mpi_grow( &W[i], N->n + 1 ) );
             ^~~~~~~~~~~~~~~
C:/dsc/src/open_source/mbedtls/mbedtls_v3.1.0/library/bignum.c:2396:1: note: label 'cleanup' defined here
 cleanup:
 ^~~~~~~
C:/dsc/src/open_source/mbedtls/mbedtls_v3.1.0/library/bignum.c:2295:12: note: 'exponent_bits_in_window' declared here
     size_t exponent_bits_in_window = 0;
            ^~~~~~~~~~~~~~~~~~~~~~~
In file included from C:/dsc/src/open_source/mbedtls/mbedtls_v3.1.0/library/bignum.c:40:0:
C:/dsc/src/open_source/mbedtls/mbedtls_v3.1.0/include/mbedtls/bignum.h:56:13: warning: jump skips variable initialization [-Wjump-misses-init]
             goto cleanup;        \
             ^
C:/dsc/src/open_source/mbedtls/mbedtls_v3.1.0/library/bignum.c:2286:13: note: in expansion of macro 'MBEDTLS_MPI_CHK'
             MBEDTLS_MPI_CHK( mbedtls_mpi_copy( &W[i], &W[i - 1] ) );
             ^~~~~~~~~~~~~~~
C:/dsc/src/open_source/mbedtls/mbedtls_v3.1.0/library/bignum.c:2396:1: note: label 'cleanup' defined here
 cleanup:
 ^~~~~~~
C:/dsc/src/open_source/mbedtls/mbedtls_v3.1.0/library/bignum.c:2295:12: note: 'exponent_bits_in_window' declared here
     size_t exponent_bits_in_window = 0;
            ^~~~~~~~~~~~~~~~~~~~~~~
[100/788] Building C object CMakeFiles/coap.dir/open_source/libcoap/libcoap/src/coap_block.c.obj
[101/788] Building C object CMakeFiles/coap.dir/open_source/libcoap/libcoap/src/coap_hashkey.c.obj
[102/788] Building C object CMakeFiles/coap.dir/open_source/libcoap/libcoap/src/coap_io_lwip.c.obj
[103/788] Building C object CMakeFiles/coap.dir/open_source/libcoap/libcoap/src/coap_session.c.obj
[104/788] Building C object CMakeFiles/coap.dir/open_source/libcoap/libcoap/src/coap_encode.c.obj
[105/788] Building C object CMakeFiles/coap.dir/open_source/libcoap/libcoap/src/coap_option.c.obj
[106/788] Building C object CMakeFiles/coap.dir/open_source/libcoap/libcoap/src/coap_pdu.c.obj
[107/788] Building C object CMakeFiles/coap.dir/open_source/libcoap/libcoap/src/coap_resource.c.obj
[108/788] Building C object CMakeFiles/coap.dir/open_source/libcoap/libcoap/src/coap_str.c.obj
[109/788] Building C object CMakeFiles/coap.dir/open_source/libcoap/libcoap/src/coap_subscribe.c.obj
[110/788] Building C object CMakeFiles/coap.dir/open_source/libcoap/libcoap/src/coap_uri.c.obj
[111/788] Building C object CMakeFiles/mbedtls.dir/open_source/mbedtls/mbedtls_v3.1.0/harden/src/ecc_harden.c.obj
C:/dsc/src/open_source/mbedtls/mbedtls_v3.1.0/harden/src/ecc_harden.c:55:12: warning: 'ecdsa_sig_alloc' defined but not used [-Wunused-function]
 static int ecdsa_sig_alloc( const unsigned int klen, drv_pke_ecc_sig *sig )
            ^~~~~~~~~~~~~~~
[112/788] Building C object CMakeFiles/coap.dir/open_source/libcoap/libcoap/src/coap_debug.c.obj
[113/788] Building C object CMakeFiles/coap.dir/open_source/libcoap/libcoap/src/coap_io.c.obj
[114/788] Building C object CMakeFiles/coap.dir/open_source/libcoap/libcoap/src/coap_address.c.obj
[115/788] Building C object CMakeFiles/coap.dir/open_source/libcoap/libcoap/src/coap_cache.c.obj
[116/788] Building C object CMakeFiles/coap.dir/open_source/libcoap/libcoap/src/coap_netif.c.obj


[117/788] Building C object CMakeFiles/coap.dir/open_source/libcoap/libcoap/src/coap_dtls.c.obj
[118/788] Building C object CMakeFiles/coap.dir/open_source/libcoap/libcoap/src/coap_tcp.c.obj
[119/788] Building C object CMakeFiles/coap.dir/open_source/libcoap/libcoap/src/coap_ws.c.obj
[120/788] Building C object CMakeFiles/coap.dir/open_source/libcoap/libcoap/src/coap_layers.c.obj
[121/788] Building C object CMakeFiles/coap.dir/open_source/libcoap/libcoap/src/coap_async.c.obj
[122/788] Building C object CMakeFiles/coap.dir/open_source/libcoap/libcoap/src/coap_notls.c.obj
[123/788] Building C object application/course_experiment/CMakeFiles/course_experiment.dir/experiment4/main.c.obj
[124/788] Building C object application/course_experiment/CMakeFiles/course_experiment.dir/experiment4/bh1750.c.obj
[125/788] Building C object application/course_experiment/CMakeFiles/course_experiment.dir/experiment4/cw2015.c.obj
[126/788] Building C object CMakeFiles/mbedtls.dir/open_source/mbedtls/mbedtls_v3.1.0/harden/src/connect_src/rsa_harden_adapt.c.obj
C:/dsc/src/open_source/mbedtls/mbedtls_v3.1.0/harden/src/connect_src/rsa_harden_adapt.c: In function 'inner_alloc_pub_key':
C:/dsc/src/open_source/mbedtls/mbedtls_v3.1.0/harden/src/connect_src/rsa_harden_adapt.c:59:31: warning: unused variable 'e_len' [-Wunused-variable]
     size_t size_align, n_len, e_len = 0;
                               ^~~~~
C:/dsc/src/open_source/mbedtls/mbedtls_v3.1.0/harden/src/connect_src/rsa_harden_adapt.c:59:24: warning: unused variable 'n_len' [-Wunused-variable]
     size_t size_align, n_len, e_len = 0;
                        ^~~~~
C:/dsc/src/open_source/mbedtls/mbedtls_v3.1.0/harden/src/connect_src/rsa_harden_adapt.c: In function 'inner_alloc_priv_key_and_out_buf':
C:/dsc/src/open_source/mbedtls/mbedtls_v3.1.0/harden/src/connect_src/rsa_harden_adapt.c:106:31: warning: unused variable 'd_len' [-Wunused-variable]
     size_t size_align, n_len, d_len = 0;
                               ^~~~~
C:/dsc/src/open_source/mbedtls/mbedtls_v3.1.0/harden/src/connect_src/rsa_harden_adapt.c:106:24: warning: unused variable 'n_len' [-Wunused-variable]
     size_t size_align, n_len, d_len = 0;
                        ^~~~~
[127/788] Building C object application/ws63/ws63_liteos_application/CMakeFiles/ws63_liteos_app.dir/main.c.obj
[128/788] Building ASM object application/ws63/ws63_liteos_application/CMakeFiles/ws63_liteos_app.dir/reset_vector.S.obj
[129/788] Building C object application/ws63/ws63_liteos_application/CMakeFiles/ws63_liteos_app.dir/clock_init.c.obj
[130/788] Building C object kernel/non_os/non_os/CMakeFiles/non_os.dir/non_os_utils.c.obj
[131/788] Building C object kernel/non_os/non_os/CMakeFiles/non_os.dir/non_os_nmi.c.obj
[132/788] Building C object kernel/osal/CMakeFiles/osal.dir/adapt/liteos/osal_debug_adapt.c.obj
[133/788] Building C object kernel/osal/CMakeFiles/osal.dir/adapt/liteos/oal_onetrack.c.obj
[134/788] Building C object kernel/osal/CMakeFiles/osal.dir/adapt/liteos/osal_cpp_adapt.c.obj
[135/788] Building C object CMakeFiles/coap.dir/open_source/libcoap/libcoap/src/coap_net.c.obj
C:/dsc/src/open_source/libcoap/libcoap/src/coap_net.c: In function 'coap_send_internal':
C:/dsc/src/open_source/libcoap/libcoap/src/coap_net.c:1512:7: warning: jump skips variable initialization [-Wjump-misses-init]
       goto error;
       ^~~~
C:/dsc/src/open_source/libcoap/libcoap/src/coap_net.c:1617:1: note: label 'error' defined here
 error:
 ^~~~~
C:/dsc/src/open_source/libcoap/libcoap/src/coap_net.c:1605:17: note: 'node' declared here
   coap_queue_t *node = coap_new_node();
                 ^~~~
C:/dsc/src/open_source/libcoap/libcoap/src/coap_net.c:1525:5: warning: jump skips variable initialization [-Wjump-misses-init]
     goto error;
     ^~~~
C:/dsc/src/open_source/libcoap/libcoap/src/coap_net.c:1617:1: note: label 'error' defined here
 error:
 ^~~~~
C:/dsc/src/open_source/libcoap/libcoap/src/coap_net.c:1605:17: note: 'node' declared here
   coap_queue_t *node = coap_new_node();
                 ^~~~
C:/dsc/src/open_source/libcoap/libcoap/src/coap_net.c:1582:5: warning: jump skips variable initialization [-Wjump-misses-init]
     goto error;
     ^~~~
C:/dsc/src/open_source/libcoap/libcoap/src/coap_net.c:1617:1: note: label 'error' defined here
 error:
 ^~~~~
C:/dsc/src/open_source/libcoap/libcoap/src/coap_net.c:1605:17: note: 'node' declared here
   coap_queue_t *node = coap_new_node();
                 ^~~~
[136/788] Building C object kernel/osal/CMakeFiles/osal.dir/src/liteos/osal_addr.c.obj
[137/788] Building C object kernel/osal/CMakeFiles/osal.dir/src/liteos/osal_atomic.c.obj
[138/788] Building C object kernel/osal/CMakeFiles/osal.dir/src/liteos/osal_barrier.c.obj
[139/788] Building C object kernel/osal/CMakeFiles/osal.dir/src/liteos/osal_cache.c.obj
[140/788] Building C object kernel/osal/CMakeFiles/osal.dir/src/liteos/osal_completion.c.obj
[141/788] Building C object kernel/osal/CMakeFiles/osal.dir/src/liteos/osal_debug.c.obj
[142/788] Building C object kernel/osal/CMakeFiles/osal.dir/src/liteos/osal_drvbox.c.obj
[143/788] Building C object kernel/osal/CMakeFiles/osal.dir/src/liteos/osal_event.c.obj
[144/788] Building C object kernel/osal/CMakeFiles/osal.dir/src/liteos/osal_fileops.c.obj
[145/788] Building C object kernel/osal/CMakeFiles/osal.dir/src/liteos/osal_interrupt.c.obj
[146/788] Building C object kernel/osal/CMakeFiles/osal.dir/src/liteos/osal_math.c.obj
[147/788] Building C object kernel/osal/CMakeFiles/osal.dir/src/liteos/osal_msgqueue.c.obj
[148/788] Building C object kernel/osal/CMakeFiles/osal.dir/src/liteos/osal_mutex.c.obj
[149/788] Building C object kernel/osal/CMakeFiles/osal.dir/src/liteos/osal_semaphore.c.obj
[150/788] Building C object kernel/osal/CMakeFiles/osal.dir/src/liteos/osal_spinlock.c.obj
[151/788] Building C object kernel/osal/CMakeFiles/osal.dir/src/liteos/osal_string.c.obj
[152/788] Building C object kernel/osal/CMakeFiles/osal.dir/src/liteos/osal_task.c.obj
[153/788] Building C object kernel/osal/CMakeFiles/osal.dir/src/liteos/osal_timer.c.obj
[154/788] Building C object kernel/osal/CMakeFiles/osal.dir/src/liteos/osal_wait.c.obj
[155/788] Building C object kernel/osal/CMakeFiles/osal.dir/src/liteos/osal_workqueue.c.obj
[156/788] Building C object kernel/osal_adapt/CMakeFiles/osal_adapt.dir/src/osal_adapt_atomic.c.obj
[157/788] Building C object CMakeFiles/mbedtls.dir/open_source/mbedtls/mbedtls_v3.1.0/harden/src/connect_src/rsa.c.obj
C:/dsc/src/open_source/mbedtls/mbedtls_v3.1.0/harden/src/connect_src/rsa.c: In function 'mbedtls_rsa_rsaes_oaep_encrypt':
C:/dsc/src/open_source/mbedtls/mbedtls_v3.1.0/harden/src/connect_src/rsa.c:733:35: warning: unused parameter 'f_rng' [-Wunused-parameter]
                             int (*f_rng)(void *, unsigned char *, size_t),
                                   ^~~~~
C:/dsc/src/open_source/mbedtls/mbedtls_v3.1.0/harden/src/connect_src/rsa.c:734:35: warning: unused parameter 'p_rng' [-Wunused-parameter]
                             void *p_rng,
                                   ^~~~~
C:/dsc/src/open_source/mbedtls/mbedtls_v3.1.0/harden/src/connect_src/rsa.c: In function 'mbedtls_rsa_rsaes_pkcs1_v15_encrypt':
C:/dsc/src/open_source/mbedtls/mbedtls_v3.1.0/harden/src/connect_src/rsa.c:785:20: warning: unused variable 'p' [-Wunused-variable]
     unsigned char *p = output;
                    ^
C:/dsc/src/open_source/mbedtls/mbedtls_v3.1.0/harden/src/connect_src/rsa.c:784:9: warning: unused variable 'ret' [-Wunused-variable]
     int ret = MBEDTLS_ERR_ERROR_CORRUPTION_DETECTED;
         ^~~
C:/dsc/src/open_source/mbedtls/mbedtls_v3.1.0/harden/src/connect_src/rsa.c:783:12: warning: unused variable 'nb_pad' [-Wunused-variable]
     size_t nb_pad, olen;
            ^~~~~~
C:/dsc/src/open_source/mbedtls/mbedtls_v3.1.0/harden/src/connect_src/rsa.c:778:40: warning: unused parameter 'f_rng' [-Wunused-parameter]
                                  int (*f_rng)(void *, unsigned char *, size_t),
                                        ^~~~~
C:/dsc/src/open_source/mbedtls/mbedtls_v3.1.0/harden/src/connect_src/rsa.c:779:40: warning: unused parameter 'p_rng' [-Wunused-parameter]
                                  void *p_rng, size_t ilen,
                                        ^~~~~
C:/dsc/src/open_source/mbedtls/mbedtls_v3.1.0/harden/src/connect_src/rsa.c: In function 'mbedtls_rsa_rsaes_oaep_decrypt':
C:/dsc/src/open_source/mbedtls/mbedtls_v3.1.0/harden/src/connect_src/rsa.c:848:35: warning: unused parameter 'f_rng' [-Wunused-parameter]
                             int (*f_rng)(void *, unsigned char *, size_t),
                                   ^~~~~
C:/dsc/src/open_source/mbedtls/mbedtls_v3.1.0/harden/src/connect_src/rsa.c:849:35: warning: unused parameter 'p_rng' [-Wunused-parameter]
                             void *p_rng,
                                   ^~~~~
C:/dsc/src/open_source/mbedtls/mbedtls_v3.1.0/harden/src/connect_src/rsa.c: In function 'mbedtls_rsa_rsaes_pkcs1_v15_decrypt':
C:/dsc/src/open_source/mbedtls/mbedtls_v3.1.0/harden/src/connect_src/rsa.c:899:40: warning: unused parameter 'f_rng' [-Wunused-parameter]
                                  int (*f_rng)(void *, unsigned char *, size_t),
                                        ^~~~~
C:/dsc/src/open_source/mbedtls/mbedtls_v3.1.0/harden/src/connect_src/rsa.c:900:40: warning: unused parameter 'p_rng' [-Wunused-parameter]
                                  void *p_rng,
                                        ^~~~~
C:/dsc/src/open_source/mbedtls/mbedtls_v3.1.0/harden/src/connect_src/rsa.c: In function 'rsa_rsassa_pss_sign':
C:/dsc/src/open_source/mbedtls/mbedtls_v3.1.0/harden/src/connect_src/rsa.c:967:32: warning: unused parameter 'f_rng' [-Wunused-parameter]
                          int (*f_rng)(void *, unsigned char *, size_t),
                                ^~~~~
C:/dsc/src/open_source/mbedtls/mbedtls_v3.1.0/harden/src/connect_src/rsa.c:968:32: warning: unused parameter 'p_rng' [-Wunused-parameter]
                          void *p_rng,
                                ^~~~~
C:/dsc/src/open_source/mbedtls/mbedtls_v3.1.0/harden/src/connect_src/rsa.c:972:30: warning: unused parameter 'saltlen' [-Wunused-parameter]
                          int saltlen,
                              ^~~~~~~
C:/dsc/src/open_source/mbedtls/mbedtls_v3.1.0/harden/src/connect_src/rsa.c: In function 'mbedtls_rsa_rsassa_pss_sign_ext':
C:/dsc/src/open_source/mbedtls/mbedtls_v3.1.0/harden/src/connect_src/rsa.c:1004:59: warning: unused parameter 'ctx' [-Wunused-parameter]
 int mbedtls_rsa_rsassa_pss_sign_ext( mbedtls_rsa_context *ctx,
                                                           ^~~
C:/dsc/src/open_source/mbedtls/mbedtls_v3.1.0/harden/src/connect_src/rsa.c:1005:32: warning: unused parameter 'f_rng' [-Wunused-parameter]
                          int (*f_rng)(void *, unsigned char *, size_t),
                                ^~~~~
C:/dsc/src/open_source/mbedtls/mbedtls_v3.1.0/harden/src/connect_src/rsa.c:1006:32: warning: unused parameter 'p_rng' [-Wunused-parameter]
                          void *p_rng,
                                ^~~~~
C:/dsc/src/open_source/mbedtls/mbedtls_v3.1.0/harden/src/connect_src/rsa.c:1007:44: warning: unused parameter 'md_alg' [-Wunused-parameter]
                          mbedtls_md_type_t md_alg,
                                            ^~~~~~
C:/dsc/src/open_source/mbedtls/mbedtls_v3.1.0/harden/src/connect_src/rsa.c:1008:39: warning: unused parameter 'hashlen' [-Wunused-parameter]
                          unsigned int hashlen,
                                       ^~~~~~~
C:/dsc/src/open_source/mbedtls/mbedtls_v3.1.0/harden/src/connect_src/rsa.c:1009:47: warning: unused parameter 'hash' [-Wunused-parameter]
                          const unsigned char *hash,
                                               ^~~~
C:/dsc/src/open_source/mbedtls/mbedtls_v3.1.0/harden/src/connect_src/rsa.c:1010:30: warning: unused parameter 'saltlen' [-Wunused-parameter]
                          int saltlen,
                              ^~~~~~~
C:/dsc/src/open_source/mbedtls/mbedtls_v3.1.0/harden/src/connect_src/rsa.c:1011:41: warning: unused parameter 'sig' [-Wunused-parameter]
                          unsigned char *sig )
                                         ^~~
C:/dsc/src/open_source/mbedtls/mbedtls_v3.1.0/harden/src/connect_src/rsa.c: In function 'mbedtls_rsa_rsassa_pkcs1_v15_sign':
C:/dsc/src/open_source/mbedtls/mbedtls_v3.1.0/harden/src/connect_src/rsa.c:1043:38: warning: unused parameter 'f_rng' [-Wunused-parameter]
                                int (*f_rng)(void *, unsigned char *, size_t),
                                      ^~~~~
C:/dsc/src/open_source/mbedtls/mbedtls_v3.1.0/harden/src/connect_src/rsa.c:1044:38: warning: unused parameter 'p_rng' [-Wunused-parameter]
                                void *p_rng,
                                      ^~~~~
C:/dsc/src/open_source/mbedtls/mbedtls_v3.1.0/harden/src/connect_src/rsa.c: In function 'mbedtls_rsa_rsassa_pss_verify_ext':
C:/dsc/src/open_source/mbedtls/mbedtls_v3.1.0/harden/src/connect_src/rsa.c:1122:36: warning: unused parameter 'expected_salt_len' [-Wunused-parameter]
                                int expected_salt_len,
                                    ^~~~~~~~~~~~~~~~~
[158/788] Building C object kernel/osal_adapt/CMakeFiles/osal_adapt.dir/src/osal_adapt_event.c.obj
[159/788] Building C object kernel/osal_adapt/CMakeFiles/osal_adapt.dir/src/osal_adapt_string.c.obj
[160/788] Building C object kernel/osal_adapt/CMakeFiles/osal_adapt.dir/src/osal_adapt_task.c.obj
[161/788] Building C object kernel/osal_adapt/CMakeFiles/osal_adapt.dir/src/osal_adapt_timer.c.obj
[162/788] Building C object kernel/osal_adapt/CMakeFiles/osal_adapt.dir/src/osal_adapt_debug.c.obj
[163/788] Building C object driver/adc/CMakeFiles/adc.dir/adc.c.obj
[164/788] Building C object driver/dma/CMakeFiles/dma.dir/dma.c.obj
[165/788] Building C object driver/gpio/CMakeFiles/gpio.dir/gpio.c.obj
[166/788] Building C object driver/i2c/CMakeFiles/i2c.dir/i2c.c.obj
[167/788] Building C object driver/i2s/CMakeFiles/i2s.dir/i2s.c.obj
[168/788] Building C object driver/lpm/CMakeFiles/lpm.dir/lpm_dev_ops.c.obj
[169/788] Building C object driver/pmp/CMakeFiles/pmp.dir/pmp.c.obj
[170/788] Building C object driver/pwm/CMakeFiles/pwm.dir/pwm.c.obj
[171/788] Building C object driver/security_unified/CMakeFiles/drv_security_unified.dir/drv_cipher/drv_code/drv_symc.c.obj
[172/788] Building C object driver/security_unified/CMakeFiles/drv_security_unified.dir/drv_cipher/drv_code/drv_symc_mac_hard.c.obj
[173/788] Building C object driver/security_unified/CMakeFiles/drv_security_unified.dir/drv_cipher/drv_code/crypto_drv_common.c.obj
[174/788] Building C object driver/security_unified/CMakeFiles/drv_security_unified.dir/drv_cipher/drv_code/drv_hash.c.obj
[175/788] Building C object driver/security_unified/CMakeFiles/drv_security_unified.dir/drv_cipher/drv_code/drv_pbkdf2_hard.c.obj


[176/788] Building C object driver/security_unified/CMakeFiles/drv_security_unified.dir/drv_cipher/drv_code/drv_trng.c.obj
[177/788] Building C object driver/security_unified/CMakeFiles/drv_security_unified.dir/drv_fapc/drv_fapc.c.obj
[178/788] Building C object driver/security_unified/CMakeFiles/drv_security_unified.dir/drv_km/drv_keyslot.c.obj
[179/788] Building C object driver/security_unified/CMakeFiles/drv_security_unified.dir/drv_km/drv_klad.c.obj
[180/788] Building C object driver/security_unified/CMakeFiles/drv_security_unified.dir/init/cfbb/crypto_curve_param.c.obj
[181/788] Building C object driver/security_unified/CMakeFiles/drv_security_unified.dir/drv_cipher/drv_pke_v5/drv_pke_ecdsa.c.obj
[182/788] Building C object driver/security_unified/CMakeFiles/drv_security_unified.dir/drv_pke_weak_func.c.obj
[183/788] Building C object driver/security_unified/CMakeFiles/drv_security_unified.dir/kapi/source/kapi_hash.c.obj
[184/788] Building C object driver/security_unified/CMakeFiles/drv_security_unified.dir/kapi/source/kapi_hash_simple.c.obj
[185/788] Building C object driver/security_unified/CMakeFiles/drv_security_unified.dir/kapi/source/kapi_init.c.obj
[186/788] Building C object driver/security_unified/CMakeFiles/drv_security_unified.dir/kapi/source/kapi_pke.c.obj
[187/788] Building C object driver/security_unified/CMakeFiles/drv_security_unified.dir/kapi/source/kapi_symc.c.obj
[188/788] Building C object driver/security_unified/CMakeFiles/drv_security_unified.dir/kapi/source/kapi_trng.c.obj
[189/788] Building C object driver/security_unified/CMakeFiles/drv_security_unified.dir/kapi/source/kapi_km.c.obj
[190/788] Building C object driver/security_unified/CMakeFiles/drv_security_unified.dir/service_layer/sl_common.c.obj
[191/788] Building C object driver/security_unified/CMakeFiles/drv_security_unified.dir/service_layer/trng.c.obj
[192/788] Building C object driver/security_unified/CMakeFiles/drv_security_unified.dir/service_layer/cipher.c.obj
[193/788] Building C object driver/security_unified/CMakeFiles/drv_security_unified.dir/service_layer/pke.c.obj
[194/788] Building C object driver/security_unified/CMakeFiles/drv_security_unified.dir/service_layer/km.c.obj
[195/788] Building C object driver/security_unified/CMakeFiles/drv_security_unified.dir/service_layer/security_init.c.obj
[196/788] Building C object driver/security_unified/CMakeFiles/drv_security_unified.dir/service_layer/security_sha256.c.obj
[197/788] Building C object driver/security_unified/CMakeFiles/drv_security_unified.dir/mbedtls_harden_adapt/mbedtls_harden_adapt.c.obj
[198/788] Building C object driver/security_unified/CMakeFiles/drv_security_unified.dir/mbedtls_harden_adapt/ecp_harden_impl.c.obj
[199/788] Building C object driver/security_unified/CMakeFiles/drv_security_unified.dir/init/cfbb/os/crypto_drv_init.c.obj
[200/788] Building C object driver/security_unified/CMakeFiles/drv_security_unified.dir/init/cfbb/os/crypto_drv_irq.c.obj
[201/788] Building C object driver/security_unified/CMakeFiles/drv_security_unified.dir/drv_cipher/drv_pke_v5/drv_pke_ecc_cal.c.obj
[202/788] Building C object driver/security_unified/CMakeFiles/drv_security_unified.dir/kapi/source/kapi_pke_ecc_cal.c.obj
[203/788] Building C object driver/security_unified/CMakeFiles/drv_security_unified.dir/mbedtls_harden_adapt/hash_harden_impl_long_term.c.obj
[204/788] Building C object driver/security_unified/CMakeFiles/drv_security_unified.dir/mbedtls_harden_adapt/aes_harden_impl_long_term.c.obj
[205/788] Building C object driver/security_unified/CMakeFiles/drv_security_unified.dir/drv_cipher/drv_pke_v5/drv_pke_cal.c.obj
[206/788] Building C object driver/security_unified/CMakeFiles/drv_security_unified.dir/drv_cipher/drv_pke_v5/drv_pke_rsa.c.obj
[207/788] Building C object driver/security_unified/CMakeFiles/drv_security_unified.dir/drv_cipher/drv_pke_v5/ecc/drv_pke_ecc_sign.c.obj
[208/788] Building C object driver/security_unified/CMakeFiles/drv_security_unified.dir/drv_cipher/drv_pke_v5/ecc/drv_pke_ecc_verify.c.obj
[209/788] Building C object driver/security_unified/CMakeFiles/drv_security_unified.dir/drv_cipher/drv_pke_v5/drv_pke_ecc_ecdh.c.obj
[210/788] Building C object driver/security_unified/CMakeFiles/drv_security_unified.dir/drv_cipher/drv_pke_v5/drv_pke_ecc_gen_key.c.obj
[211/788] Building C object driver/spi/CMakeFiles/spi.dir/spi.c.obj
[212/788] Building C object driver/tsensor/CMakeFiles/tsensor.dir/tsensor.c.obj
[213/788] Building C object driver/uart/CMakeFiles/uart.dir/uart.c.obj
[214/788] Building C object driver/rtc_unified/CMakeFiles/rtc_unified.dir/rtc.c.obj
[215/788] Building C object driver/efuse/CMakeFiles/efuse.dir/efuse.c.obj
[216/788] Building C object hal/adc/CMakeFiles/hal_adc.dir/hal_adc.c.obj
[217/788] Building C object hal/adc/CMakeFiles/hal_adc.dir/v154/hal_adc_v154.c.obj
[218/788] Building C object hal/adc/CMakeFiles/hal_adc.dir/v154/hal_adc_v154_regs_op.c.obj
[219/788] Building C object hal/cpu_core/CMakeFiles/hal_cpu_core.dir/hal_cpu_core.c.obj
[220/788] Building C object hal/dma/CMakeFiles/hal_dma_v151.dir/hal_dma.c.obj
[221/788] Building C object hal/dma/CMakeFiles/hal_dma_v151.dir/hal_dma_mem.c.obj
[222/788] Building C object hal/dma/CMakeFiles/hal_dma_v151.dir/v151/hal_dmac_v151.c.obj
[223/788] Building C object hal/dma/CMakeFiles/hal_dma_v151.dir/v151/hal_dmac_v151_regs_op.c.obj
[224/788] Building C object hal/efuse/CMakeFiles/hal_efuse_v151.dir/hal_efuse.c.obj
[225/788] Building C object hal/efuse/CMakeFiles/hal_efuse_v151.dir/v151/hal_efuse_v151.c.obj
[226/788] Building C object hal/efuse/CMakeFiles/hal_efuse_v151.dir/v151/hal_efuse_v151_reg_op.c.obj
[227/788] Building C object hal/gpio/CMakeFiles/hal_gpio_v150.dir/hal_gpio.c.obj
[228/788] Building C object hal/gpio/CMakeFiles/hal_gpio_v150.dir/v150/hal_gpio_v150.c.obj
[229/788] Building C object hal/gpio/CMakeFiles/hal_gpio_v150.dir/v150/hal_gpio_v150_regs_op.c.obj
[230/788] Building C object hal/gpio/CMakeFiles/hal_gpio_v150.dir/v150/hal_gpio_v150_comm.c.obj
[231/788] Building C object hal/i2c/CMakeFiles/hal_i2c.dir/hal_i2c.c.obj
[232/788] Building C object hal/i2c/CMakeFiles/hal_i2c.dir/v150/hal_i2c_v150_master.c.obj
[233/788] Building C object hal/i2c/CMakeFiles/hal_i2c.dir/v150/hal_i2c_v150.c.obj
[234/788] Building C object hal/i2c/CMakeFiles/hal_i2c.dir/v150/hal_i2c_v150_comm.c.obj
[235/788] Building C object hal/i2c/CMakeFiles/hal_i2c.dir/v150/hal_i2c_v150_regs_op.c.obj
[236/788] Building C object hal/mips/CMakeFiles/hal_mips.dir/hal_mips.c.obj
[237/788] Building C object hal/pmp/CMakeFiles/hal_pmp.dir/hal_pmp.c.obj
[238/788] Building C object hal/pmp/CMakeFiles/hal_pmp.dir/v31/hal_pmp_riscv31.c.obj
[239/788] Building C object hal/pmp/CMakeFiles/hal_pmp.dir/v31/hal_pmp_riscv31_regs_op.c.obj
[240/788] Building C object hal/pwm/CMakeFiles/hal_pwm.dir/hal_pwm.c.obj
[241/788] Building C object hal/pwm/CMakeFiles/hal_pwm.dir/v151/hal_pwm_v151.c.obj
[242/788] Building C object hal/pwm/CMakeFiles/hal_pwm.dir/v151/hal_pwm_v151_regs_op.c.obj
[243/788] Building C object hal/reboot/CMakeFiles/hal_reboot.dir/hal_reboot.c.obj
[244/788] Building C object hal/security_unified/CMakeFiles/hal_security_unified.dir/crypto_osal/cfbb/os/crypto_osal_lib.c.obj
[245/788] Building C object hal/security_unified/CMakeFiles/hal_security_unified.dir/crypto_osal/cfbb/crypto_security.c.obj
[246/788] Building C object hal/security_unified/CMakeFiles/hal_security_unified.dir/hal_cipher/pke/alg/drv_common_pke.c.obj
[247/788] Building C object hal/security_unified/CMakeFiles/hal_security_unified.dir/hal_cipher/pke/alg/ecc_ec_fp_sign_verify_common.c.obj
[248/788] Building C object hal/security_unified/CMakeFiles/hal_security_unified.dir/hal_cipher/pke/arch/ecc_data_ram_addr.c.obj


[249/788] Building C object hal/security_unified/CMakeFiles/hal_security_unified.dir/hal_cipher/pke/arch/rom_lib.c.obj
[250/788] Building C object hal/security_unified/CMakeFiles/hal_security_unified.dir/hal_cipher/pke/hal_pke.c.obj
[251/788] Building C object hal/security_unified/CMakeFiles/hal_security_unified.dir/hal_cipher/spacc/hal_hash.c.obj
[252/788] Building C object hal/security_unified/CMakeFiles/hal_security_unified.dir/hal_cipher/spacc/hal_symc.c.obj
[253/788] Building C object hal/security_unified/CMakeFiles/hal_security_unified.dir/hal_cipher/trng/hal_trng.c.obj
[254/788] Building C object hal/security_unified/CMakeFiles/hal_security_unified.dir/hal_fapc/hal_fapc.c.obj
[255/788] Building C object hal/security_unified/CMakeFiles/hal_security_unified.dir/hal_km/hal_rkp.c.obj
[256/788] Building C object hal/security_unified/CMakeFiles/hal_security_unified.dir/hal_km/hal_keyslot.c.obj
[257/788] Building C object hal/security_unified/CMakeFiles/hal_security_unified.dir/hal_km/hal_klad.c.obj
[258/788] Building C object hal/security_unified/CMakeFiles/hal_security_unified.dir/hal_cipher/pke/arch/rsa_data_ram_addr.c.obj
[259/788] Building C object hal/security_unified/CMakeFiles/hal_security_unified.dir/hal_cipher/pke/alg/rsa.c.obj
[260/788] Building C object hal/security_unified/CMakeFiles/hal_security_unified.dir/hal_cipher/pke/alg/sm2_ec_fp_sign_verify.c.obj
[261/788] Building C object hal/security_unified/CMakeFiles/hal_security_unified.dir/hal_cipher/pke/alg/ecc_ec_fp_sign_common.c.obj
[262/788] Building C object hal/security_unified/CMakeFiles/hal_security_unified.dir/hal_cipher/pke/alg/ecc_ec_fp_sign.c.obj
[263/788] Building C object hal/security_unified/CMakeFiles/hal_security_unified.dir/hal_cipher/pke/alg/ecc_ec_fp_verify_common.c.obj
[264/788] Building C object hal/security_unified/CMakeFiles/hal_security_unified.dir/hal_cipher/pke/alg/ecc_ec_fp_verify.c.obj
[265/788] Building C object hal/spi/CMakeFiles/hal_spi.dir/hal_spi.c.obj
[266/788] Building C object hal/spi/CMakeFiles/hal_spi.dir/v151/hal_spi_v151.c.obj
[267/788] Building C object hal/spi/CMakeFiles/hal_spi.dir/v151/hal_spi_v151_regs_op.c.obj
[268/788] Building C object hal/uart/CMakeFiles/hal_uart.dir/hal_uart.c.obj
[269/788] Building C object hal/uart/CMakeFiles/hal_uart.dir/v151/hal_uart_v151.c.obj
[270/788] Building C object hal/uart/CMakeFiles/hal_uart.dir/v151/hal_uart_v151_regs_op.c.obj
[271/788] Building C object hal/tsensor/CMakeFiles/hal_tsensor.dir/hal_tsensor.c.obj
[272/788] Building C object hal/tsensor/CMakeFiles/hal_tsensor.dir/v151/hal_tsensor_v151.c.obj
[273/788] Building C object hal/tsensor/CMakeFiles/hal_tsensor.dir/v151/hal_tsensor_v151_regs_op.c.obj
[274/788] Building C object hal/sio/CMakeFiles/hal_sio.dir/hal_sio.c.obj
[275/788] Building C object hal/rtc_unified/CMakeFiles/hal_rtc_unified.dir/hal_rtc.c.obj
[276/788] Building C object hal/rtc_unified/CMakeFiles/hal_rtc_unified.dir/v100/hal_rtc_v100.c.obj
[277/788] Building C object hal/rtc_unified/CMakeFiles/hal_rtc_unified.dir/v100/hal_rtc_v100_op.c.obj
[278/788] Building C object drivers/chips/ws63/CMakeFiles/chip_ws63.dir/arch/riscv/riscv31/interrupt.c.obj
[279/788] Building C object drivers/chips/ws63/CMakeFiles/chip_ws63.dir/arch/riscv/riscv31/interrupt_handler.c.obj
[280/788] Building ASM object drivers/chips/ws63/CMakeFiles/chip_ws63.dir/arch/riscv/riscv31/vectors.s.obj
[281/788] Building C object drivers/chips/ws63/CMakeFiles/chip_ws63.dir/arch/riscv/riscv31/flash_patch.c.obj
[282/788] Building C object drivers/chips/ws63/CMakeFiles/chip_ws63.dir/interrupt/interrupt_adapter.c.obj
[283/788] Building C object drivers/chips/ws63/CMakeFiles/chip_ws63.dir/vectors/vectors.c.obj
[284/788] Building C object drivers/chips/ws63/CMakeFiles/chip_ws63.dir/interrupt/interrupt_os_adapter.c.obj
[285/788] Building C object drivers/chips/ws63/CMakeFiles/chip_ws63.dir/arch/riscv/riscv31/oam_trace.c.obj
[286/788] Building C object drivers/chips/ws63/porting/adc/CMakeFiles/adc_port.dir/adc_porting.c.obj
[287/788] Building C object drivers/chips/ws63/porting/arch/CMakeFiles/pmp_cfg_ws63.dir/riscv/pmp_cfg.c.obj
[288/788] Building C object drivers/chips/ws63/porting/gpio/CMakeFiles/gpio_port.dir/gpio_porting.c.obj
[289/788] Building C object drivers/chips/ws63/porting/liteos/CMakeFiles/liteos_port.dir/riscv31/idle_config.c.obj
[290/788] Building C object drivers/chips/ws63/porting/liteos/CMakeFiles/liteos_port.dir/riscv31/tick_timer.c.obj
[291/788] Building C object drivers/chips/ws63/porting/pwm/CMakeFiles/pwm_port.dir/pwm_porting.c.obj
[292/788] Building C object drivers/chips/ws63/porting/uart/CMakeFiles/uart_port.dir/uart_porting.c.obj
[293/788] Building C object drivers/chips/ws63/porting/pmp/CMakeFiles/pmp_port.dir/pmp_porting.c.obj
[294/788] Building C object drivers/chips/ws63/porting/i2c/CMakeFiles/i2c_porting.dir/i2c_porting.c.obj
[295/788] Building C object drivers/chips/ws63/porting/dma/CMakeFiles/dma_port.dir/dma_porting.c.obj
[296/788] Building C object drivers/chips/ws63/porting/spi/CMakeFiles/spi_porting.dir/spi_porting.c.obj
[297/788] Building C object drivers/chips/ws63/porting/sfc/flash_config/CMakeFiles/sfc_flash_config_ws63.dir/flash_config_info.c.obj
[298/788] Building C object drivers/chips/ws63/porting/sfc/porting/CMakeFiles/sfc_port_ws63.dir/sfc_porting.c.obj
[299/788] Building C object drivers/chips/ws63/porting/sfc/porting/CMakeFiles/sfc_port_ws63.dir/sfc_protect.c.obj
[300/788] Building C object drivers/chips/ws63/porting/sfc/porting/CMakeFiles/sfc_port_ws63.dir/sfc_protect_gd25q32.c.obj
[301/788] Building C object drivers/chips/ws63/porting/tsensor/CMakeFiles/tsensor_port.dir/tsensor_porting.c.obj
[302/788] Building C object drivers/chips/ws63/porting/efuse/CMakeFiles/efuse_port.dir/efuse_porting.c.obj
[303/788] Building C object drivers/chips/ws63/porting/rtc_unified/CMakeFiles/rtc_unified_port.dir/rtc_porting.c.obj
[304/788] Building C object drivers/chips/ws63/porting/sio/CMakeFiles/sio_port.dir/sio_porting.c.obj
[305/788] Building C object drivers/chips/ws63/porting/reboot/CMakeFiles/reboot_port.dir/reboot_porting.c.obj
[306/788] Building C object drivers/chips/ws63/porting/soc/CMakeFiles/soc_port.dir/soc_porting.c.obj
[307/788] Building C object drivers/chips/ws63/porting/version/CMakeFiles/version_port.dir/version_porting.c.obj
[308/788] Building C object drivers/chips/ws63/porting/pm/CMakeFiles/pm_port_ws63.dir/pm_porting.c.obj
[309/788] Building C object drivers/chips/ws63/porting/pm/CMakeFiles/pm_port_ws63.dir/test_pm_port.c.obj
[310/788] Building C object drivers/chips/ws63/porting/pm/CMakeFiles/pm_port_ws63.dir/pm_pwr_dbg.c.obj
[311/788] Building C object drivers/chips/ws63/porting/xo_trim/CMakeFiles/xo_trim_port.dir/xo_trim_porting.c.obj
[312/788] Building C object drivers/chips/ws63/dyn_mem/CMakeFiles/dyn_mem.dir/dyn_mem.c.obj
[313/788] Building ASM object middleware/chips/ws63/exception/CMakeFiles/dfx_exception.dir/exception_riscv.s.obj
[314/788] Building C object middleware/chips/ws63/exception/CMakeFiles/dfx_exception.dir/exception_riscv.c.obj
[315/788] Building C object middleware/chips/ws63/dfx/CMakeFiles/dfx_port_ws63.dir/dfx_channel.c.obj
[316/788] Building C object middleware/chips/ws63/dfx/CMakeFiles/dfx_port_ws63.dir/dfx_system_init.c.obj
[317/788] Building C object middleware/chips/ws63/dfx/CMakeFiles/dfx_port_ws63.dir/diag_adapt_cmd_mem.c.obj
[318/788] Building C object middleware/chips/ws63/dfx/CMakeFiles/dfx_port_ws63.dir/last_dump_adapt.c.obj
[319/788] Building C object middleware/chips/ws63/dfx/CMakeFiles/dfx_port_ws63.dir/sample_data_adapt.c.obj
[320/788] Building C object middleware/chips/ws63/dfx/CMakeFiles/dfx_port_ws63.dir/diag_adapt_sdt.c.obj
[321/788] Building C object middleware/chips/ws63/dfx/CMakeFiles/dfx_port_ws63.dir/diag_adapt_psd.c.obj
[322/788] Building C object middleware/chips/ws63/dfx/CMakeFiles/dfx_port_ws63.dir/diag_sample_data.c.obj


[323/788] Building C object middleware/chips/ws63/partition/CMakeFiles/partition_ws63.dir/partition_porting.c.obj
[324/788] Building C object middleware/chips/ws63/nv/nv_porting/CMakeFiles/nv_ws63.dir/nv_flash.c.obj
[325/788] Building C object middleware/chips/ws63/nv/nv_zdiag/CMakeFiles/nv_zdiag_ws63.dir/nv_adapt_zdiag.c.obj
[326/788] Building C object middleware/chips/ws63/update/common/CMakeFiles/update_common_ws63.dir/upg_common_porting.c.obj
[327/788] Building C object middleware/chips/ws63/update/storage/CMakeFiles/update_storage_ws63.dir/upg_backup.c.obj
[328/788] Building C object middleware/chips/ws63/update/ab_upg/CMakeFiles/update_ab_ws63.dir/upg_ab.c.obj
[329/788] Building C object middleware/chips/ws63/mac_addr/CMakeFiles/mac_addr_ws63.dir/mac_addr.c.obj
[330/788] Building C object middleware/chips/ws63/factory/CMakeFiles/factory_ws63.dir/factory.c.obj
[331/788] Building C object services/wifi_service/service/CMakeFiles/wifi_service.dir/soc_wifi_service_api.c.obj
[332/788] Building C object utils/algorithm/CMakeFiles/algorithm.dir/crc/uapi_crc16.c.obj
[333/788] Building C object utils/algorithm/CMakeFiles/algorithm.dir/crc/uapi_crc32.c.obj
[334/788] Building C object utils/algorithm/CMakeFiles/algorithm.dir/sha256/sha256.c.obj
[335/788] Building C object utils/algorithm/CMakeFiles/algorithm.dir/sec_random/sec_random.c.obj
[336/788] Building C object utils/algorithm/CMakeFiles/algorithm.dir/cstl/cstl_hash.c.obj
[337/788] Building C object utils/algorithm/CMakeFiles/algorithm.dir/cstl/cstl_rawlist.c.obj
[338/788] Building C object utils/algorithm/CMakeFiles/algorithm.dir/cstl/cstl_public.c.obj
[339/788] Building C object utils/app_init/CMakeFiles/app_init.dir/app_init.c.obj
[340/788] Building C object utils/at/at/CMakeFiles/at.dir/src/at_cmd.c.obj
[341/788] Building C object utils/at/at/CMakeFiles/at.dir/src/at_msg.c.obj
[342/788] Building C object utils/at/at/CMakeFiles/at.dir/src/at_parse.c.obj
[343/788] Building C object utils/at/at/CMakeFiles/at.dir/src/at_channel.c.obj
[344/788] Building C object utils/at/at/CMakeFiles/at.dir/src/at_process.c.obj
[345/788] Building C object utils/at/at/CMakeFiles/at.dir/src/at_report.c.obj
[346/788] Building C object utils/at/at/CMakeFiles/at.dir/src/at_base.c.obj
[347/788] Building C object utils/at/at/CMakeFiles/at.dir/src/at_notify.c.obj
[348/788] Building C object utils/at/at/CMakeFiles/at.dir/src/at_zdiag.c.obj
[349/788] Building C object utils/at/at_wifi_cmd/CMakeFiles/wifi_at.dir/at/at_ccpriv.c.obj
[350/788] Building C object utils/at/at_wifi_cmd/CMakeFiles/wifi_at.dir/at/at_mfg.c.obj
[351/788] Building C object utils/at/at_wifi_cmd/CMakeFiles/wifi_at.dir/at/at_register.c.obj
[352/788] Building C object utils/at/at_wifi_cmd/CMakeFiles/wifi_at.dir/at/at_wifi.c.obj
[353/788] Building C object utils/at/at_wifi_cmd/CMakeFiles/wifi_at.dir/at/at_utils.c.obj
[354/788] Building C object utils/at/at_wifi_cmd/CMakeFiles/wifi_at.dir/src/at_cmd_register.c.obj
[355/788] Building C object utils/at/at_wifi_cmd/CMakeFiles/wifi_at.dir/at/at_sendtest.c.obj
[356/788] Building C object utils/at/at_plt_cmd/CMakeFiles/plt_at.dir/at/at_plt.c.obj
[357/788] Building C object utils/at/at_plt_cmd/CMakeFiles/plt_at.dir/src/at_plt_cmd_register.c.obj
[358/788] Building C object utils/dfx/CMakeFiles/dfx_diag.dir/zdiag/romable/diag_oam_log.c.obj
[359/788] Building C object utils/dfx/CMakeFiles/dfx_diag.dir/zdiag/romable/diag_rom_api.c.obj
[360/788] Building C object utils/dfx/CMakeFiles/dfx_diag.dir/zdiag/zdiag_channel.c.obj
[361/788] Building C object utils/dfx/CMakeFiles/dfx_diag.dir/zdiag/zdiag_cmd_dst.c.obj
[362/788] Building C object utils/dfx/CMakeFiles/dfx_diag.dir/zdiag/zdiag_cmd_src.c.obj
[363/788] Building C object utils/dfx/CMakeFiles/dfx_diag.dir/zdiag/zdiag_debug.c.obj
[364/788] Building C object utils/dfx/CMakeFiles/dfx_diag.dir/zdiag/zdiag_dfx.c.obj
[365/788] Building C object utils/dfx/CMakeFiles/dfx_diag.dir/zdiag/zdiag_filter.c.obj
[366/788] Building C object utils/dfx/CMakeFiles/dfx_diag.dir/zdiag/zdiag_ind_dst.c.obj
[367/788] Building C object utils/dfx/CMakeFiles/dfx_diag.dir/zdiag/zdiag_ind_src.c.obj
[368/788] Building C object utils/dfx/CMakeFiles/dfx_diag.dir/zdiag/zdiag_mem.c.obj
[369/788] Building C object utils/dfx/CMakeFiles/dfx_diag.dir/zdiag/zdiag_msg.c.obj
[370/788] Building C object utils/dfx/CMakeFiles/dfx_diag.dir/zdiag/zdiag_pkt.c.obj
[371/788] Building C object utils/dfx/CMakeFiles/dfx_diag.dir/zdiag/zdiag_pkt_router.c.obj
[372/788] Building C object utils/dfx/CMakeFiles/dfx_diag.dir/zdiag/zdiag_rx_api.c.obj
[373/788] Building C object utils/dfx/CMakeFiles/dfx_diag.dir/zdiag/zdiag_stat.c.obj
[374/788] Building C object utils/dfx/CMakeFiles/dfx_diag.dir/zdiag/zdiag_tx.c.obj
[375/788] Building C object utils/dfx/CMakeFiles/dfx_diag.dir/zdiag/diag_system_cmd/diag_cmd_beat_heart.c.obj
[376/788] Building C object utils/dfx/CMakeFiles/dfx_diag.dir/zdiag/diag_system_cmd/diag_cmd_connect.c.obj
[377/788] Building C object utils/dfx/CMakeFiles/dfx_diag.dir/zdiag/diag_system_cmd/diag_cmd_filter.c.obj
[378/788] Building C object utils/dfx/CMakeFiles/dfx_diag.dir/zdiag/diag_system_cmd/diag_cmd_get_mem_info.c.obj
[379/788] Building C object utils/dfx/CMakeFiles/dfx_diag.dir/zdiag/diag_system_cmd/diag_cmd_get_task_info.c.obj
[380/788] Building C object utils/dfx/CMakeFiles/dfx_diag.dir/zdiag/diag_system_cmd/diag_cmd_get_res_info.c.obj
[381/788] Building C object utils/dfx/CMakeFiles/dfx_diag.dir/zdiag/diag_system_cmd/diag_cmd_get_init_info.c.obj
[382/788] Building C object utils/dfx/CMakeFiles/dfx_diag.dir/zdiag/diag_system_cmd/diag_cmd_get_cpup.c.obj
[383/788] Building C object utils/dfx/CMakeFiles/dfx_diag.dir/zdiag/diag_system_cmd/diag_cmd_log_level.c.obj
[384/788] Building C object utils/dfx/CMakeFiles/dfx_diag.dir/zdiag/diag_system_cmd/diag_cmd_mem_read_write.c.obj
[385/788] Building C object utils/dfx/CMakeFiles/dfx_diag.dir/zdiag/diag_system_cmd/diag_cmd_offline_log.c.obj
[386/788] Building C object utils/dfx/CMakeFiles/dfx_diag.dir/zdiag/diag_system_cmd/diag_cmd_password.c.obj
[387/788] Building C object utils/dfx/CMakeFiles/dfx_diag.dir/zdiag/diag_system_cmd/diag_cmd_trace_info.c.obj
[388/788] Building C object utils/dfx/CMakeFiles/dfx_diag.dir/zdiag/diag_system_cmd/diag_cmd_stat.c.obj
[389/788] Building C object utils/dfx/CMakeFiles/dfx_diag.dir/zdiag/diag_system_cmd/diag_mocked_shell.c.obj
[390/788] Building C object utils/dfx/CMakeFiles/dfx_diag.dir/zdiag/diag_system_cmd/last_dump.c.obj
[391/788] Building C object utils/dfx/CMakeFiles/dfx_diag.dir/zdiag/diag_system_cmd/diag_bt_sample_data.c.obj
[392/788] Building C object utils/dfx/CMakeFiles/dfx_diag.dir/dfx_os/liteos_v1/dfx_mem.c.obj
[393/788] Building C object utils/dfx/CMakeFiles/dfx_diag.dir/dfx_os/liteos_v1/dfx_task.c.obj
[394/788] Building C object utils/dfx/CMakeFiles/dfx_diag.dir/dfx_os/liteos_v1/dfx_res.c.obj
[395/788] Building C object utils/dfx/CMakeFiles/dfx_diag.dir/dfx_os/liteos_v1/dfx_cpup.c.obj
[396/788] Building C object utils/dfx/CMakeFiles/dfx_diag.dir/dfx_os/liteos_v1/dfx_trace.c.obj
[397/788] Building C object utils/dfx/CMakeFiles/soc_log.dir/soc_log/soc_log.c.obj
[398/788] Building C object utils/dfx/CMakeFiles/soc_log.dir/soc_log/soc_log_uart_instance.c.obj
[399/788] Building C object utils/dfx/CMakeFiles/log_file.dir/log_file/log_file.c.obj
[400/788] Building C object utils/dfx/CMakeFiles/log_file.dir/log_file/log_file_file.c.obj
[401/788] Building C object utils/dfx/CMakeFiles/log_file.dir/log_file/log_file_flash.c.obj
[402/788] Building C object utils/dfx/CMakeFiles/dfx_panic.dir/panic/private/panic.c.obj
[403/788] Building C object utils/dfx/CMakeFiles/dfx_panic.dir/panic/private/panic_rom.c.obj
[404/788] Building C object utils/dfx/CMakeFiles/dfx_preserve.dir/preserve/private/preserve.c.obj
[405/788] Building C object utils/dfx/CMakeFiles/dfx_preserve.dir/preserve/private/crash_data.c.obj
[406/788] Building C object utils/dfx/CMakeFiles/dfx_log.dir/log/log.c.obj
[407/788] Building C object utils/dfx/CMakeFiles/dfx_log.dir/log/log_oam_logger.c.obj
[408/788] Building C object utils/dfx/CMakeFiles/dfx_log.dir/log/log_oam_mem_query.c.obj
[409/788] Building C object utils/dfx/CMakeFiles/dfx_log.dir/log/log_oam_ota.c.obj
[410/788] Building C object utils/dfx/CMakeFiles/dfx_log.dir/log/log_oam_pcm.c.obj
[411/788] Building C object utils/dfx/CMakeFiles/dfx_log.dir/log/log_oam_reg_query.c.obj
[412/788] Building C object utils/dfx/CMakeFiles/dfx_log.dir/log/log_oam_status.c.obj
[413/788] Building C object utils/dfx/CMakeFiles/dfx_log.dir/log/log_oam_dscr_cb.c.obj
[414/788] Building C object utils/dfx/CMakeFiles/dfx_log.dir/log/log_oml_exception.c.obj
[415/788] Building C object utils/dfx/CMakeFiles/dfx_log.dir/log/log_oml_ota_rom.c.obj


[416/788] Building C object utils/dfx/CMakeFiles/dfx_log.dir/log/log_printf.c.obj
[417/788] Building C object utils/dfx/CMakeFiles/dfx_log.dir/log/log_printf_rom.c.obj
[418/788] Building C object utils/dfx/CMakeFiles/dfx_log.dir/log/log_reg_dump.c.obj
[419/788] Building C object utils/dfx/CMakeFiles/dfx_log.dir/log/log_trigger.c.obj
[420/788] Building C object utils/dfx/CMakeFiles/dfx_log.dir/log/log_oam_msg.c.obj
[421/788] Building C object utils/dfx/CMakeFiles/dfx_log.dir/log_buffer/log_buffer.c.obj
[422/788] Building C object utils/dfx/CMakeFiles/dfx_log.dir/log_buffer/log_buffer_reader.c.obj
[423/788] Building C object utils/dfx/CMakeFiles/dfx_log.dir/log_buffer/log_memory_region.c.obj
[424/788] Building C object utils/dfx/CMakeFiles/dfx_log.dir/log_buffer/log_memory_section.c.obj
[425/788] Building C object utils/dfx/CMakeFiles/dfx_log_reader.dir/log_reader/log_uart.c.obj
[426/788] Building C object utils/dfx/CMakeFiles/dfx_printer.dir/dfx_print/dfx_print.c.obj
[427/788] Building C object utils/dfx/dfx_reboot/cpu_utils/CMakeFiles/cpu_utils.dir/private/cpu_utils.c.obj
[428/788] Building C object utils/dfx/dfx_reboot/reboot/CMakeFiles/reboot.dir/shared/non_os_reboot.c.obj
[429/788] Building C object utils/dfx/diag_dfx_cmd/CMakeFiles/diag_dfx_cmd.dir/diag_dfx_cmd_init.c.obj
[430/788] Building C object utils/nv/CMakeFiles/nv.dir/nv_storage_app/soc_nv_storage_handle.c.obj
[431/788] Building C object utils/nv/CMakeFiles/nv.dir/nv_storage_app/soc_nv_storage.c.obj
[432/788] Building C object utils/nv/CMakeFiles/nv.dir/nv_storage_lib/nv_key.c.obj
[433/788] Building C object utils/nv/CMakeFiles/nv.dir/nv_storage_lib/nv_notify.c.obj
[434/788] Building C object utils/nv/CMakeFiles/nv.dir/nv_storage_lib/nv_nvregion.c.obj
[435/788] Building C object utils/nv/CMakeFiles/nv.dir/nv_storage_lib/nv_page.c.obj
[436/788] Building C object utils/nv/CMakeFiles/nv.dir/nv_storage_lib/nv_reset.c.obj
[437/788] Building C object utils/nv/CMakeFiles/nv.dir/nv_storage_lib/nv_rpc.c.obj
[438/788] Building C object utils/nv/CMakeFiles/nv.dir/nv_storage_lib/nv_store.c.obj
[439/788] Building C object utils/nv/CMakeFiles/nv.dir/nv_storage_lib/nv_update.c.obj
[440/788] Building C object utils/nv/CMakeFiles/nv.dir/nv_storage_lib/nv_upg.c.obj
[441/788] Building C object utils/nv/CMakeFiles/nv.dir/nv_storage_lib/nv_debug.c.obj
[442/788] Building C object utils/nv/CMakeFiles/nv.dir/nv_storage_lib/nv_async_store.c.obj
[443/788] Building C object utils/partition/CMakeFiles/partition.dir/partition.c.obj
[444/788] Building C object utils/update/common/CMakeFiles/update_common.dir/upg_alloc.c.obj
[445/788] Building C object utils/update/common/CMakeFiles/update_common.dir/upg_common.c.obj
[446/788] Building C object utils/update/common/CMakeFiles/update_common.dir/upg_verify.c.obj
[447/788] Building C object utils/update/storage/CMakeFiles/update_storage.dir/upg_storage.c.obj
[448/788] Building C object utils/mips/CMakeFiles/mips.dir/private/mips.c.obj
[449/788] Building C object open_source/cjson/CMakeFiles/cjson.dir/cjson/cJSON.c.obj
[450/788] Building C object open_source/cjson/CMakeFiles/cjson.dir/cjson/cJSON_Utils.c.obj
[451/788] Building C object open_source/mqtt/CMakeFiles/mqtt.dir/paho.mqtt.c/src/Base64.c.obj
[452/788] Building C object open_source/mqtt/CMakeFiles/mqtt.dir/paho.mqtt.c/src/Clients.c.obj
[453/788] Building C object open_source/mqtt/CMakeFiles/mqtt.dir/paho.mqtt.c/src/Heap.c.obj
[454/788] Building C object open_source/mqtt/CMakeFiles/mqtt.dir/paho.mqtt.c/src/LinkedList.c.obj
[455/788] Building C object open_source/mqtt/CMakeFiles/mqtt.dir/paho.mqtt.c/src/Log.c.obj
[456/788] Building C object open_source/mqtt/CMakeFiles/mqtt.dir/paho.mqtt.c/src/Messages.c.obj
[457/788] Building C object open_source/mqtt/CMakeFiles/mqtt.dir/paho.mqtt.c/src/MQTTClient.c.obj
[458/788] Building C object open_source/mqtt/CMakeFiles/mqtt.dir/paho.mqtt.c/src/MQTTPacket.c.obj
[459/788] Building C object open_source/mqtt/CMakeFiles/mqtt.dir/paho.mqtt.c/src/MQTTPacketOut.c.obj
[460/788] Building C object open_source/mqtt/CMakeFiles/mqtt.dir/paho.mqtt.c/src/MQTTPersistence.c.obj
[461/788] Building C object open_source/mqtt/CMakeFiles/mqtt.dir/paho.mqtt.c/src/MQTTPersistenceDefault.c.obj
[462/788] Building C object open_source/mqtt/CMakeFiles/mqtt.dir/paho.mqtt.c/src/MQTTProperties.c.obj
[463/788] Building C object open_source/mqtt/CMakeFiles/mqtt.dir/paho.mqtt.c/src/MQTTProtocolClient.c.obj
[464/788] Building C object open_source/mqtt/CMakeFiles/mqtt.dir/paho.mqtt.c/src/MQTTProtocolOut.c.obj
[465/788] Building C object open_source/mqtt/CMakeFiles/mqtt.dir/paho.mqtt.c/src/MQTTReasonCodes.c.obj
[466/788] Building C object open_source/mqtt/CMakeFiles/mqtt.dir/paho.mqtt.c/src/OsWrapper.c.obj
[467/788] Building C object open_source/mqtt/CMakeFiles/mqtt.dir/paho.mqtt.c/src/Proxy.c.obj
[468/788] Building C object open_source/mqtt/CMakeFiles/mqtt.dir/paho.mqtt.c/src/SHA1.c.obj
[469/788] Building C object open_source/mqtt/CMakeFiles/mqtt.dir/paho.mqtt.c/src/Socket.c.obj
[470/788] Building C object open_source/mqtt/CMakeFiles/mqtt.dir/paho.mqtt.c/src/SocketBuffer.c.obj
[471/788] Building C object open_source/mqtt/CMakeFiles/mqtt.dir/paho.mqtt.c/src/SSLSocket.c.obj
[472/788] Building C object open_source/mqtt/CMakeFiles/mqtt.dir/paho.mqtt.c/src/SSLSocket_mbedtls.c.obj
[473/788] Building C object open_source/mqtt/CMakeFiles/mqtt.dir/paho.mqtt.c/src/StackTrace.c.obj
[474/788] Building C object open_source/mqtt/CMakeFiles/mqtt.dir/paho.mqtt.c/src/Thread.c.obj
[475/788] Building C object open_source/mqtt/CMakeFiles/mqtt.dir/paho.mqtt.c/src/Tree.c.obj
[476/788] Building C object open_source/mqtt/CMakeFiles/mqtt.dir/paho.mqtt.c/src/utf-8.c.obj
[477/788] Building C object open_source/mqtt/CMakeFiles/mqtt.dir/paho.mqtt.c/src/WebSocket.c.obj
[478/788] Building C object open_source/mqtt/CMakeFiles/mqtt.dir/paho.mqtt.c/src/MQTTTime.c.obj
[479/788] Building C object open_source/wpa_supplicant/CMakeFiles/wpa_supplicant.dir/wpa_supplicant/bss.c.obj
[480/788] Building C object open_source/wpa_supplicant/CMakeFiles/wpa_supplicant.dir/wpa_supplicant/config.c.obj
[481/788] Building C object open_source/wpa_supplicant/CMakeFiles/wpa_supplicant.dir/wpa_supplicant/ctrl_iface.c.obj
[482/788] Building C object open_source/wpa_supplicant/CMakeFiles/wpa_supplicant.dir/wpa_supplicant/eap_register.c.obj
[483/788] Building C object open_source/wpa_supplicant/CMakeFiles/wpa_supplicant.dir/wpa_supplicant/events.c.obj
[484/788] Building C object open_source/wpa_supplicant/CMakeFiles/wpa_supplicant.dir/wpa_supplicant/scan.c.obj
[485/788] Building C object open_source/wpa_supplicant/CMakeFiles/wpa_supplicant.dir/wpa_supplicant/wpa_supplicant.c.obj
[486/788] Building C object open_source/wpa_supplicant/CMakeFiles/wpa_supplicant.dir/wpa_supplicant/wpas_glue.c.obj
[487/788] Building C object open_source/wpa_supplicant/CMakeFiles/wpa_supplicant.dir/wpa_supplicant/ap.c.obj
[488/788] Building C object open_source/wpa_supplicant/CMakeFiles/wpa_supplicant.dir/__/__/middleware/services/wifi_service/hostapd/liteos_hostapd_src/hostapd_main_rtos.c.obj
[489/788] Building C object open_source/wpa_supplicant/CMakeFiles/wpa_supplicant.dir/__/__/middleware/services/wifi_service/hostapd/liteos_hostapd_src/hostapd_ctrl_iface_rtos.c.obj
[490/788] Building C object open_source/wpa_supplicant/CMakeFiles/wpa_supplicant.dir/liteos_wpa_src/crypto_mbedtls.c.obj
[491/788] Building C object open_source/wpa_supplicant/CMakeFiles/wpa_supplicant.dir/liteos_wpa_src/ctrl_iface_rtos.c.obj
[492/788] Building C object open_source/wpa_supplicant/CMakeFiles/wpa_supplicant.dir/liteos_wpa_src/eloop_rtos.c.obj
[493/788] Building C object open_source/wpa_supplicant/CMakeFiles/wpa_supplicant.dir/liteos_wpa_src/l2_packet_rtos.c.obj
[494/788] Building C object open_source/wpa_supplicant/CMakeFiles/wpa_supplicant.dir/liteos_wpa_src/main_rtos.c.obj
[495/788] Building C object open_source/wpa_supplicant/CMakeFiles/wpa_supplicant.dir/liteos_wpa_src/os_rtos.c.obj
[496/788] Building C object open_source/wpa_supplicant/CMakeFiles/wpa_supplicant.dir/liteos_wpa_src/wpa_cli_rtos.c.obj
[497/788] Building C object open_source/wpa_supplicant/CMakeFiles/wpa_supplicant.dir/__/__/middleware/services/wifi_service/wpa/liteos_wpa_api/wifi_api.c.obj
[498/788] Building C object open_source/wpa_supplicant/CMakeFiles/wpa_supplicant.dir/__/__/middleware/services/wifi_service/wpa/liteos_wpa_api/wifi_softap_api.c.obj
[499/788] Building C object open_source/wpa_supplicant/CMakeFiles/wpa_supplicant.dir/src/common/ieee802_11_common.c.obj
[500/788] Building C object open_source/wpa_supplicant/CMakeFiles/wpa_supplicant.dir/src/common/wpa_common.c.obj
[501/788] Building C object open_source/wpa_supplicant/CMakeFiles/wpa_supplicant.dir/src/common/hw_features_common.c.obj
[502/788] Building C object open_source/wpa_supplicant/CMakeFiles/wpa_supplicant.dir/src/crypto/aes-internal.c.obj
[503/788] Building C object open_source/wpa_supplicant/CMakeFiles/wpa_supplicant.dir/src/crypto/aes-unwrap.c.obj
[504/788] Building C object open_source/wpa_supplicant/CMakeFiles/wpa_supplicant.dir/src/crypto/aes-wrap.c.obj
[505/788] Building C object open_source/wpa_supplicant/CMakeFiles/wpa_supplicant.dir/src/crypto/aes-omac1.c.obj
[506/788] Building C object open_source/wpa_supplicant/CMakeFiles/wpa_supplicant.dir/src/crypto/crypto_internal-modexp.c.obj
[507/788] Building C object open_source/wpa_supplicant/CMakeFiles/wpa_supplicant.dir/src/crypto/dh_groups.c.obj
[508/788] Building C object open_source/wpa_supplicant/CMakeFiles/wpa_supplicant.dir/src/crypto/md5.c.obj
[509/788] Building C object open_source/wpa_supplicant/CMakeFiles/wpa_supplicant.dir/src/crypto/random.c.obj
[510/788] Building C object open_source/wpa_supplicant/CMakeFiles/wpa_supplicant.dir/src/crypto/rc4.c.obj
[511/788] Building C object open_source/wpa_supplicant/CMakeFiles/wpa_supplicant.dir/src/crypto/sha1-prf.c.obj
[512/788] Building C object open_source/wpa_supplicant/CMakeFiles/wpa_supplicant.dir/src/crypto/sha256-prf.c.obj
[513/788] Building C object open_source/wpa_supplicant/CMakeFiles/wpa_supplicant.dir/src/drivers/drivers.c.obj
[514/788] Building C object open_source/wpa_supplicant/CMakeFiles/wpa_supplicant.dir/src/drivers/driver_common.c.obj
[515/788] Building C object open_source/wpa_supplicant/CMakeFiles/wpa_supplicant.dir/src/eapol_supp/eapol_supp_sm.c.obj
[516/788] Building C object open_source/wpa_supplicant/CMakeFiles/wpa_supplicant.dir/src/eap_peer/eap.c.obj
[517/788] Building C object open_source/wpa_supplicant/CMakeFiles/wpa_supplicant.dir/src/eap_peer/eap_methods.c.obj
[518/788] Building C object open_source/wpa_supplicant/CMakeFiles/wpa_supplicant.dir/src/eap_common/eap_common.c.obj


[519/788] Building C object open_source/wpa_supplicant/CMakeFiles/wpa_supplicant.dir/src/eapol_auth/eapol_auth_sm.c.obj
[520/788] Building C object open_source/wpa_supplicant/CMakeFiles/wpa_supplicant.dir/src/eap_server/eap_server.c.obj
[521/788] Building C object open_source/wpa_supplicant/CMakeFiles/wpa_supplicant.dir/src/eap_server/eap_server_identity.c.obj
[522/788] Building C object open_source/wpa_supplicant/CMakeFiles/wpa_supplicant.dir/src/eap_server/eap_server_methods.c.obj
[523/788] Building C object open_source/wpa_supplicant/CMakeFiles/wpa_supplicant.dir/src/rsn_supp/wpa.c.obj
[524/788] Building C object open_source/wpa_supplicant/CMakeFiles/wpa_supplicant.dir/src/rsn_supp/wpa_ie.c.obj
[525/788] Building C object open_source/wpa_supplicant/CMakeFiles/wpa_supplicant.dir/src/utils/base64.c.obj
[526/788] Building C object open_source/wpa_supplicant/CMakeFiles/wpa_supplicant.dir/src/utils/common.c.obj
[527/788] Building C object open_source/wpa_supplicant/CMakeFiles/wpa_supplicant.dir/src/utils/uuid.c.obj
[528/788] Building C object open_source/wpa_supplicant/CMakeFiles/wpa_supplicant.dir/src/utils/wpa_debug.c.obj
[529/788] Building C object open_source/wpa_supplicant/CMakeFiles/wpa_supplicant.dir/src/utils/wpabuf.c.obj
[530/788] Building C object open_source/wpa_supplicant/CMakeFiles/wpa_supplicant.dir/src/tls/bignum.c.obj
[531/788] Building C object open_source/wpa_supplicant/CMakeFiles/wpa_supplicant.dir/src/ap/hostapd.c.obj
[532/788] Building C object open_source/wpa_supplicant/CMakeFiles/wpa_supplicant.dir/src/ap/bss_load.c.obj
[533/788] Building C object open_source/wpa_supplicant/CMakeFiles/wpa_supplicant.dir/src/ap/wpa_auth_glue.c.obj
[534/788] Building C object open_source/wpa_supplicant/CMakeFiles/wpa_supplicant.dir/src/ap/utils.c.obj
[535/788] Building C object open_source/wpa_supplicant/CMakeFiles/wpa_supplicant.dir/src/ap/ap_config.c.obj
[536/788] Building C object open_source/wpa_supplicant/CMakeFiles/wpa_supplicant.dir/src/ap/sta_info.c.obj
[537/788] Building C object open_source/wpa_supplicant/CMakeFiles/wpa_supplicant.dir/src/ap/ap_mlme.c.obj
[538/788] Building C object open_source/wpa_supplicant/CMakeFiles/wpa_supplicant.dir/src/ap/drv_callbacks.c.obj
[539/788] Building C object open_source/wpa_supplicant/CMakeFiles/wpa_supplicant.dir/src/ap/ap_drv_ops.c.obj
[540/788] Building C object open_source/wpa_supplicant/CMakeFiles/wpa_supplicant.dir/src/ap/ieee802_11_ht.c.obj
[541/788] Building C object open_source/wpa_supplicant/CMakeFiles/wpa_supplicant.dir/src/ap/ieee802_11.c.obj
[542/788] Building C object open_source/wpa_supplicant/CMakeFiles/wpa_supplicant.dir/src/ap/hw_features.c.obj
[543/788] Building C object open_source/wpa_supplicant/CMakeFiles/wpa_supplicant.dir/src/ap/wpa_auth.c.obj
[544/788] Building C object open_source/wpa_supplicant/CMakeFiles/wpa_supplicant.dir/src/ap/wpa_auth_ie.c.obj
[545/788] Building C object open_source/wpa_supplicant/CMakeFiles/wpa_supplicant.dir/src/ap/ieee802_1x.c.obj
[546/788] Building C object open_source/wpa_supplicant/CMakeFiles/wpa_supplicant.dir/src/ap/ieee802_11_he.c.obj
[547/788] Building C object open_source/wpa_supplicant/CMakeFiles/wpa_supplicant.dir/src/ap/eap_user_db.c.obj
[548/788] Building C object open_source/wpa_supplicant/CMakeFiles/wpa_supplicant.dir/src/ap/beacon.c.obj
[549/788] Building C object open_source/wpa_supplicant/CMakeFiles/wpa_supplicant.dir/src/ap/acs.c.obj
[550/788] Building C object open_source/wpa_supplicant/CMakeFiles/wpa_supplicant.dir/src/ap/pmksa_cache_auth.c.obj
[551/788] Building C object open_source/wpa_supplicant/CMakeFiles/wpa_supplicant.dir/wpa_supplicant/sme.c.obj
[552/788] Building C object open_source/wpa_supplicant/CMakeFiles/wpa_supplicant.dir/src/common/sae.c.obj
[553/788] Building C object open_source/wpa_supplicant/CMakeFiles/wpa_supplicant.dir/src/common/dragonfly.c.obj
[554/788] Building C object open_source/wpa_supplicant/CMakeFiles/wpa_supplicant.dir/src/rsn_supp/pmksa_cache.c.obj
[555/788] Building C object open_source/wpa_supplicant/CMakeFiles/wpa_supplicant.dir/__/__/middleware/services/wifi_service/wpa/ltos_src/eloop_ltos.c.obj
[556/788] Building C object open_source/wpa_supplicant/CMakeFiles/wpa_supplicant.dir/__/__/middleware/services/wifi_service/wpa/osdep/osdep_osal.c.obj
[557/788] Building C object open_source/wpa_supplicant/CMakeFiles/wpa_supplicant.dir/__/__/middleware/services/wifi_service/wpa/driver_soc/driver_soc.c.obj
[558/788] Building C object open_source/wpa_supplicant/CMakeFiles/wpa_supplicant.dir/__/__/middleware/services/wifi_service/wpa/driver_soc/driver_soc_ioctl.c.obj
[559/788] Building C object open_source/wpa_supplicant/CMakeFiles/wpa_supplicant.dir/src/ap/ieee802_11_shared.c.obj
[560/788] Building C object open_source/wpa_supplicant/CMakeFiles/wpa_supplicant.dir/src/crypto/sha256-kdf.c.obj
[561/788] Building C object open_source/wpa_supplicant/CMakeFiles/wpa_supplicant.dir/src/utils/crc32.c.obj
[562/788] Building C object open_source/wpa_supplicant/CMakeFiles/wpa_supplicant.dir/src/crypto/sha384-prf.c.obj
[563/788] Building C object open_source/wpa_supplicant/CMakeFiles/wpa_supplicant.dir/src/crypto/sha384-kdf.c.obj
[564/788] Building C object open_source/wpa_supplicant/CMakeFiles/wpa_supplicant.dir/src/crypto/sha512-kdf.c.obj
[565/788] Building C object open_source/wpa_supplicant/CMakeFiles/wpa_supplicant.dir/src/crypto/sha512-prf.c.obj
[566/788] Building C object open_source/wpa_supplicant/CMakeFiles/wpa_supplicant.dir/wpa_supplicant/notify.c.obj
[567/788] Building C object open_source/wpa_supplicant/CMakeFiles/wpa_supplicant.dir/__/__/middleware/services/wifi_service/wpa/scan_list_adapt/scan_list_adapt.c.obj
[568/788] Building C object open_source/lwip/CMakeFiles/lwip.dir/lwip_v2.1.3/src/core/tcp_out.c.obj
[569/788] Building C object open_source/lwip/CMakeFiles/lwip.dir/lwip_v2.1.3/src/core/ipv4/autoip.c.obj
[570/788] Building C object open_source/lwip/CMakeFiles/lwip.dir/lwip_v2.1.3/src/core/ipv4/dhcps.c.obj
[571/788] Building C object open_source/lwip/CMakeFiles/lwip.dir/lwip_v2.1.3/src/core/ipv4/igmp.c.obj
[572/788] Building C object open_source/lwip/CMakeFiles/lwip.dir/lwip_v2.1.3/src/core/ipv4/icmp.c.obj
[573/788] Building C object open_source/lwip/CMakeFiles/lwip.dir/lwip_v2.1.3/src/core/ipv4/dhcp.c.obj
[574/788] Building C object open_source/lwip/CMakeFiles/lwip.dir/lwip_v2.1.3/src/core/lowpower.c.obj
[575/788] Building C object open_source/lwip/CMakeFiles/lwip.dir/lwip_v2.1.3/src/core/timeouts.c.obj
[576/788] Building C object open_source/lwip/CMakeFiles/lwip.dir/lwip_v2.1.3/src/core/ip6in4.c.obj
[577/788] Building C object open_source/lwip/CMakeFiles/lwip.dir/lwip_v2.1.3/src/core/debug.c.obj
[578/788] Building C object open_source/lwip/CMakeFiles/lwip.dir/lwip_v2.1.3/src/core/mdns.c.obj
[579/788] Building C object open_source/lwip/CMakeFiles/lwip.dir/lwip_v2.1.3/src/core/tcp_sack.c.obj
[580/788] Building C object open_source/lwip/CMakeFiles/lwip.dir/lwip_v2.1.3/src/core/tcp_in.c.obj
[581/788] Building C object open_source/lwip/CMakeFiles/lwip.dir/lwip_v2.1.3/src/core/altcp.c.obj
[582/788] Building C object open_source/lwip/CMakeFiles/lwip.dir/lwip_v2.1.3/src/core/tftpc.c.obj
[583/788] Building C object open_source/lwip/CMakeFiles/lwip.dir/lwip_v2.1.3/src/core/filter.c.obj
[584/788] Building C object open_source/lwip/CMakeFiles/lwip.dir/lwip_v2.1.3/src/core/sntp.c.obj
[585/788] Building C object open_source/lwip/CMakeFiles/lwip.dir/lwip_v2.1.3/src/core/altcp_tcp.c.obj
[586/788] Building C object open_source/lwip/CMakeFiles/lwip.dir/lwip_v2.1.3/src/core/def.c.obj
[587/788] Building C object open_source/lwip/CMakeFiles/lwip.dir/lwip_v2.1.3/src/core/dns.c.obj
[588/788] Building C object open_source/lwip/CMakeFiles/lwip.dir/lwip_v2.1.3/src/core/stats.c.obj
[589/788] Building C object open_source/lwip/CMakeFiles/lwip.dir/lwip_v2.1.3/src/core/ipv6/inet6.c.obj
[590/788] Building C object open_source/lwip/CMakeFiles/lwip.dir/lwip_v2.1.3/src/core/ipv6/mld6.c.obj
[591/788] Building C object open_source/lwip/CMakeFiles/lwip.dir/lwip_v2.1.3/src/core/ipv6/icmp6.c.obj
[592/788] Building C object open_source/lwip/CMakeFiles/lwip.dir/lwip_v2.1.3/src/core/ipv6/dhcp6.c.obj
[593/788] Building C object open_source/lwip/CMakeFiles/lwip.dir/lwip_v2.1.3/src/core/ipv6/ip6_frag.c.obj
[594/788] Building C object open_source/lwip/CMakeFiles/lwip.dir/lwip_v2.1.3/src/core/ipv6/ip6_addr.c.obj
[595/788] Building C object open_source/lwip/CMakeFiles/lwip.dir/lwip_v2.1.3/src/core/ipv6/ethip6.c.obj
[596/788] Building C object open_source/lwip/CMakeFiles/lwip.dir/lwip_v2.1.3/src/core/ipv6/nd6.c.obj
[597/788] Building C object open_source/lwip/CMakeFiles/lwip.dir/lwip_v2.1.3/src/core/ipv6/ip6.c.obj
[598/788] Building C object open_source/lwip/CMakeFiles/lwip.dir/lwip_v2.1.3/src/core/init.c.obj
[599/788] Building C object open_source/lwip/CMakeFiles/lwip.dir/lwip_v2.1.3/src/core/sys.c.obj
[600/788] Building C object open_source/lwip/CMakeFiles/lwip.dir/lwip_v2.1.3/src/core/nat64/nat64_addr.c.obj
[601/788] Building C object open_source/lwip/CMakeFiles/lwip.dir/lwip_v2.1.3/src/core/nat64/nat64_dns64.c.obj
[602/788] Building C object open_source/lwip/CMakeFiles/lwip.dir/lwip_v2.1.3/src/core/nat64/nat64_v4_dhcpc.c.obj
[603/788] Building C object open_source/lwip/CMakeFiles/lwip.dir/lwip_v2.1.3/src/core/nat64/nat64.c.obj
[604/788] Building C object open_source/lwip/CMakeFiles/lwip.dir/lwip_v2.1.3/src/core/altcp_alloc.c.obj
[605/788] Building C object open_source/lwip/CMakeFiles/lwip.dir/lwip_v2.1.3/src/netif/ifaddrs.c.obj
[606/788] Building C object open_source/lwip/CMakeFiles/lwip.dir/lwip_v2.1.3/src/netif/lowpan6_common.c.obj
[607/788] Building C object open_source/lwip/CMakeFiles/lwip.dir/lwip_v2.1.3/src/netif/lowpan6.c.obj
[608/788] Building C object open_source/lwip/CMakeFiles/lwip.dir/lwip_v2.1.3/src/api/if_api.c.obj
[609/788] Building C object open_source/lwip/CMakeFiles/lwip.dir/lwip_v2.1.3/src/api/netifapi.c.obj
[610/788] Building C object open_source/lwip/CMakeFiles/lwip.dir/lwip_v2.1.3/src/api/l3event.c.obj
[611/788] Building C object open_source/lwip/CMakeFiles/lwip.dir/lwip_v2.1.3/src/api/err.c.obj
[612/788] Building C object open_source/lwip/CMakeFiles/lwip.dir/lwip_v2.1.3/src/api/nat64_api.c.obj
[613/788] Building C object open_source/lwip/CMakeFiles/lwip.dir/lwip_v2.1.3/src/api/ethtool.c.obj
[614/788] Building C object open_source/lwip/CMakeFiles/lwip.dir/lwip_v2.1.3/src/api/netdb.c.obj
[615/788] Building C object open_source/lwip/CMakeFiles/lwip.dir/lwip_v2.1.3/src/api/nettool/ping.c.obj
[616/788] Building C object open_source/lwip/CMakeFiles/lwip.dir/lwip_v2.1.3/src/api/nettool/misc.c.obj
[617/788] Building C object open_source/lwip/CMakeFiles/lwip.dir/lwip_v2.1.3/src/api/nettool/ifconfig.c.obj
[618/788] Building C object open_source/lwip/CMakeFiles/lwip.dir/lwip_v2.1.3/src/api/nettool/utility.c.obj
[619/788] Building C object open_source/lwip/CMakeFiles/lwip.dir/lwip_v2.1.3/src/api/nettool/netstat.c.obj
[620/788] Building C object open_source/lwip/CMakeFiles/lwip_tcm.dir/lwip_v2.1.3/src/api/sockets.c.obj
[621/788] Building C object open_source/lwip/CMakeFiles/lwip_tcm.dir/lwip_v2.1.3/src/core/inet_chksum.c.obj
[622/788] Building C object open_source/lwip/CMakeFiles/lwip_tcm.dir/lwip_v2.1.3/src/core/ip.c.obj
[623/788] Building C object open_source/lwip/CMakeFiles/lwip_tcm.dir/lwip_v2.1.3/src/core/udp.c.obj
[624/788] Building C object open_source/lwip/CMakeFiles/lwip_tcm.dir/lwip_v2.1.3/src/core/ipv4/etharp.c.obj
[625/788] Building C object open_source/lwip/CMakeFiles/lwip_tcm.dir/lwip_v2.1.3/src/core/ipv4/ip4.c.obj
[626/788] Building C object open_source/lwip/CMakeFiles/lwip_tcm.dir/lwip_v2.1.3/src/core/ipv4/ip4_addr.c.obj
[627/788] Building C object open_source/lwip/CMakeFiles/lwip_tcm.dir/lwip_v2.1.3/src/core/ipv4/ip4_frag.c.obj
[628/788] Building C object open_source/lwip/CMakeFiles/lwip_tcm.dir/lwip_v2.1.3/src/core/ip_addr.c.obj
[629/788] Building C object open_source/lwip/CMakeFiles/lwip_tcm.dir/lwip_v2.1.3/src/core/pbuf.c.obj
[630/788] Building C object open_source/lwip/CMakeFiles/lwip_tcm.dir/lwip_v2.1.3/src/core/mem.c.obj
[631/788] Building C object open_source/lwip/CMakeFiles/lwip_tcm.dir/lwip_v2.1.3/src/core/memp.c.obj
[632/788] Building C object open_source/lwip/CMakeFiles/lwip_tcm.dir/lwip_v2.1.3/src/core/netif.c.obj
[633/788] Building C object open_source/lwip/CMakeFiles/lwip_tcm.dir/lwip_v2.1.3/src/core/tcp.c.obj
[634/788] Building C object open_source/lwip/CMakeFiles/lwip_tcm.dir/lwip_v2.1.3/src/core/raw.c.obj
[635/788] Building C object open_source/lwip/CMakeFiles/lwip_tcm.dir/lwip_v2.1.3/src/netif/ethernet.c.obj
[636/788] Building C object open_source/lwip/CMakeFiles/lwip_tcm.dir/lwip_v2.1.3/src/netif/driverif.c.obj
[637/788] Building C object open_source/lwip/CMakeFiles/lwip_tcm.dir/lwip_v2.1.3/src/api/netbuf.c.obj
[638/788] Building C object open_source/lwip/CMakeFiles/lwip_tcm.dir/lwip_v2.1.3/src/api/tcpip.c.obj
[639/788] Building C object open_source/lwip/CMakeFiles/lwip_tcm.dir/lwip_v2.1.3/src/api/api_msg.c.obj


[640/788] Building C object open_source/lwip/CMakeFiles/lwip_tcm.dir/lwip_v2.1.3/src/api/api_lib.c.obj
[641/788] Building C object open_source/lwip/CMakeFiles/lwip_tcm.dir/lwip_adapter/liteos_207/src/arch/sys_arch.c.obj
[642/788] Building C object protocol/wifi/CMakeFiles/wifi_csa.dir/source/host/feature/hmac_csa_ap.c.obj
[643/788] Building C object protocol/wifi/CMakeFiles/wifi_csa.dir/source/host/feature/hmac_csa_sta.c.obj
[644/788] Building C object protocol/wifi/CMakeFiles/wifi_frag.dir/source/host/feature/hmac_frag.c.obj
[645/788] Building C object protocol/wifi/CMakeFiles/wifi_radar_sensor.dir/source/host/feature/hmac_radar_sensor.c.obj
[646/788] Building C object protocol/wifi/CMakeFiles/wifi_auto_adjust_freq.dir/source/host/feature/hmac_auto_adjust_freq.c.obj
[647/788] Building C object protocol/wifi/CMakeFiles/wifi_tx_amsdu.dir/source/host/feature/hmac_tx_amsdu.c.obj
[648/788] Building C object protocol/wifi/CMakeFiles/wifi_btcoex.dir/source/host/feature/hmac_btcoex.c.obj
[649/788] Building C object protocol/wifi/CMakeFiles/wifi_btcoex.dir/source/host/feature/hmac_btcoex_ba.c.obj
[650/788] Building C object protocol/wifi/CMakeFiles/wifi_btcoex.dir/source/host/feature/hmac_btcoex_btsta.c.obj
[651/788] Building C object protocol/wifi/CMakeFiles/wifi_btcoex.dir/source/host/feature/hmac_btcoex_m2s.c.obj
[652/788] Building C object protocol/wifi/CMakeFiles/wifi_btcoex.dir/source/host/feature/hmac_btcoex_notify.c.obj
[653/788] Building C object protocol/wifi/CMakeFiles/wifi_btcoex.dir/source/host/feature/hmac_btcoex_ps.c.obj
[654/788] Building C object protocol/wifi/CMakeFiles/wifi_uapsd_ap.dir/source/host/feature/hmac_uapsd.c.obj
[655/788] Building C object test/common/testsuite/CMakeFiles/testsuite.dir/src/test_suite.c.obj
[656/788] Building C object test/common/testsuite/CMakeFiles/testsuite.dir/src/test_suite_channel.c.obj
[657/788] Building C object test/common/testsuite/CMakeFiles/testsuite.dir/src/test_suite_commands_processor.c.obj
[658/788] Building C object test/common/testsuite/CMakeFiles/testsuite.dir/src/test_suite_console.c.obj
[659/788] Building C object test/common/testsuite/CMakeFiles/testsuite.dir/src/test_suite_functions_processor.c.obj
[660/788] Building C object test/common/testsuite/CMakeFiles/testsuite.dir/src/test_suite_ipc.c.obj
[661/788] Building C object test/common/testsuite/CMakeFiles/testsuite.dir/src/test_suite_log.c.obj
[662/788] Building C object test/common/testsuite/CMakeFiles/testsuite.dir/src/test_suite_task.c.obj
[663/788] Building C object test/common/testsuite/CMakeFiles/testsuite.dir/src/test_suite_uart.c.obj
[664/788] Building C object test/common/testsuite/CMakeFiles/testsuite.dir/src/test_auxiliary.c.obj
[665/788] Building C object test/common/testsuite/CMakeFiles/testsuite.dir/src/audio_lieyin.c.obj
[666/788] Building C object test/common/testsuite/CMakeFiles/testsuite.dir/src/audio_crc16.c.obj
[667/788] Building C object CMakeFiles/ws63-liteos-app.dir/temp/__null___.c.obj
[668/788] Linking C static library libgmssl_hmac_sm3.a
[669/788] Linking C static library libcoap.a
[670/788] Linking C static library application\course_experiment\libcourse_experiment.a
[671/788] Linking C static library application\ws63\ws63_liteos_application\libws63_liteos_app.a
[672/788] Linking C static library kernel\non_os\non_os\libnon_os.a
[673/788] Linking C static library kernel\osal\libosal.a
[674/788] Linking C static library kernel\osal_adapt\libosal_adapt.a
[675/788] Linking C static library driver\adc\libadc.a
[676/788] Linking C static library driver\dma\libdma.a
[677/788] Linking C static library driver\gpio\libgpio.a
[678/788] Linking C static library driver\i2c\libi2c.a
[679/788] Linking C static library driver\i2s\libi2s.a
[680/788] Linking C static library driver\lpm\liblpm.a
[681/788] Linking C static library driver\pmp\libpmp.a
[682/788] Linking C static library driver\pwm\libpwm.a
[683/788] Linking C static library driver\security_unified\libdrv_security_unified.a
[684/788] Linking C static library driver\spi\libspi.a
[685/788] Linking C static library driver\tsensor\libtsensor.a
[686/788] Linking C static library driver\uart\libuart.a
[687/788] Linking C static library driver\rtc_unified\librtc_unified.a
[688/788] Linking C static library driver\efuse\libefuse.a
[689/788] Linking C static library hal\adc\libhal_adc.a
[690/788] Linking C static library hal\cpu_core\libhal_cpu_core.a
[691/788] Linking C static library hal\dma\libhal_dma_v151.a
[692/788] Linking C static library hal\efuse\libhal_efuse_v151.a
[693/788] Linking C static library hal\gpio\libhal_gpio_v150.a
[694/788] Linking C static library hal\i2c\libhal_i2c.a
[695/788] Linking C static library hal\mips\libhal_mips.a
[696/788] Linking C static library hal\pmp\libhal_pmp.a
[697/788] Linking C static library hal\pwm\libhal_pwm.a
[698/788] Linking C static library hal\reboot\libhal_reboot.a
[699/788] Linking C static library hal\security_unified\libhal_security_unified.a
[700/788] Linking C static library hal\spi\libhal_spi.a
[701/788] Linking C static library hal\uart\libhal_uart.a
[702/788] Linking C static library hal\tsensor\libhal_tsensor.a
[703/788] Linking C static library hal\sio\libhal_sio.a
[704/788] Linking C static library hal\rtc_unified\libhal_rtc_unified.a
[705/788] Linking C static library drivers\chips\ws63\libchip_ws63.a
[706/788] Linking C static library drivers\chips\ws63\porting\adc\libadc_port.a
[707/788] Linking C static library drivers\chips\ws63\porting\arch\libpmp_cfg_ws63.a
[708/788] Linking C static library drivers\chips\ws63\porting\gpio\libgpio_port.a
[709/788] Linking C static library drivers\chips\ws63\porting\liteos\libliteos_port.a
[710/788] Linking C static library drivers\chips\ws63\porting\pwm\libpwm_port.a
[711/788] Linking C static library libmbedtls.a
[712/788] Linking C static library drivers\chips\ws63\porting\uart\libuart_port.a
[713/788] Linking C static library drivers\chips\ws63\porting\pmp\libpmp_port.a
[714/788] Linking C static library drivers\chips\ws63\porting\i2c\libi2c_porting.a
[715/788] Linking C static library drivers\chips\ws63\porting\dma\libdma_port.a
[716/788] Linking C static library drivers\chips\ws63\porting\spi\libspi_porting.a
[717/788] Linking C static library drivers\chips\ws63\porting\sfc\flash_config\libsfc_flash_config_ws63.a
[718/788] Linking C static library drivers\chips\ws63\porting\sfc\porting\libsfc_port_ws63.a
[719/788] Linking C static library drivers\chips\ws63\porting\tsensor\libtsensor_port.a
[720/788] Linking C static library drivers\chips\ws63\porting\efuse\libefuse_port.a
[721/788] Linking C static library drivers\chips\ws63\porting\rtc_unified\librtc_unified_port.a
[722/788] Linking C static library drivers\chips\ws63\porting\sio\libsio_port.a
[723/788] Linking C static library drivers\chips\ws63\porting\reboot\libreboot_port.a
[724/788] Linking C static library drivers\chips\ws63\porting\soc\libsoc_port.a
[725/788] Linking C static library drivers\chips\ws63\porting\version\libversion_port.a
[726/788] Linking C static library drivers\chips\ws63\porting\pm\libpm_port_ws63.a
[727/788] Linking C static library drivers\chips\ws63\porting\xo_trim\libxo_trim_port.a
[728/788] Linking C static library drivers\chips\ws63\dyn_mem\libdyn_mem.a
[729/788] Linking C static library middleware\chips\ws63\exception\libdfx_exception.a
[730/788] Linking C static library middleware\chips\ws63\dfx\libdfx_port_ws63.a
[731/788] Linking C static library middleware\chips\ws63\partition\libpartition_ws63.a
[732/788] Linking C static library middleware\chips\ws63\nv\nv_porting\libnv_ws63.a
[733/788] Linking C static library middleware\chips\ws63\nv\nv_zdiag\libnv_zdiag_ws63.a
[734/788] Linking C static library middleware\chips\ws63\update\common\libupdate_common_ws63.a
[735/788] Linking C static library middleware\chips\ws63\update\storage\libupdate_storage_ws63.a
[736/788] Linking C static library middleware\chips\ws63\update\ab_upg\libupdate_ab_ws63.a
[737/788] Linking C static library middleware\chips\ws63\mac_addr\libmac_addr_ws63.a
[738/788] Linking C static library middleware\chips\ws63\factory\libfactory_ws63.a
[739/788] Linking C static library C:\dsc\src\interim_binary\ws63\libs\wifi\ws63-liteos-app\libwifi_service.a
[740/788] Linking C static library utils\algorithm\libalgorithm.a
[741/788] Linking C static library utils\app_init\libapp_init.a
[742/788] Linking C static library utils\at\at\libat.a
[743/788] Linking C static library utils\at\at_wifi_cmd\libwifi_at.a
[744/788] Linking C static library utils\at\at_plt_cmd\libplt_at.a
[745/788] Linking C static library utils\dfx\libdfx_diag.a
[746/788] Linking C static library utils\dfx\libsoc_log.a
[747/788] Linking C static library utils\dfx\liblog_file.a
[748/788] Linking C static library utils\dfx\libdfx_panic.a
[749/788] Linking C static library utils\dfx\libdfx_preserve.a
[750/788] Linking C static library utils\dfx\libdfx_log.a
[751/788] Linking C static library utils\dfx\libdfx_log_reader.a
[752/788] Linking C static library utils\dfx\libdfx_printer.a
[753/788] Linking C static library utils\dfx\dfx_reboot\cpu_utils\libcpu_utils.a
[754/788] Linking C static library utils\dfx\dfx_reboot\reboot\libreboot.a
[755/788] Linking C static library utils\dfx\diag_dfx_cmd\libdiag_dfx_cmd.a
[756/788] Linking C static library utils\nv\libnv.a
[757/788] Linking C static library utils\partition\libpartition.a
[758/788] Linking C static library utils\update\common\libupdate_common.a
[759/788] Linking C static library utils\update\storage\libupdate_storage.a
[760/788] Linking C static library utils\mips\libmips.a
[761/788] Linking C static library C:\dsc\src\interim_binary\ws63\libs\wifi\ws63-liteos-app\libcjson.a
[762/788] Linking C static library C:\dsc\src\interim_binary\ws63\libs\wifi\ws63-liteos-app\libwifi_frag.a
[763/788] Linking C static library C:\dsc\src\interim_binary\ws63\libs\wifi\ws63-liteos-app\libwifi_csa.a
[764/788] Linking C static library C:\dsc\src\interim_binary\ws63\libs\wifi\ws63-liteos-app\libwifi_radar_sensor.a
[765/788] Linking C static library C:\dsc\src\interim_binary\ws63\libs\wifi\ws63-liteos-app\libwifi_auto_adjust_freq.a
[766/788] Linking C static library C:\dsc\src\interim_binary\ws63\libs\wifi\ws63-liteos-app\libwifi_tx_amsdu.a
[767/788] Linking C static library open_source\mqtt\libmqtt.a
[768/788] Linking C static library C:\dsc\src\interim_binary\ws63\libs\wifi\ws63-liteos-app\libwifi_uapsd_ap.a
[769/788] Linking C static library C:\dsc\src\interim_binary\ws63\libs\wifi\ws63-liteos-app\liblwip_tcm.a
[770/788] Linking C static library C:\dsc\src\interim_binary\ws63\libs\wifi\ws63-liteos-app\libwifi_btcoex.a
[771/788] Linking C static library test\common\testsuite\libtestsuite.a
[772/788] Linking C static library C:\dsc\src\interim_binary\ws63\libs\wifi\ws63-liteos-app\liblwip.a
[773/788] Generating NV_SRC
[774/788] Linking C static library C:\dsc\src\interim_binary\ws63\libs\wifi\ws63-liteos-app\libwpa_supplicant.a


[775/788] Linking C executable ws63-liteos-app.elf


Memory region         Used Size  Region Size  %age Used
             ROM:          0 GB       268 KB      0.00%
            ITCM:       12896 B        16 KB     78.71%
            DTCM:       14756 B        16 KB     90.06%
            SRAM:        134 KB     548608 B     25.01%
PRESERVE_SHARE_MEM:         252 B        256 B     98.44%
 PROGRAM_STARTUP:         476 B         1 KB     46.48%
         PROGRAM:     1202400 B    2095360 B     57.38%
[776/788] post_build:gen rom and ram bin file
[777/788] C:\WINDOWS\system32\cmd.exe /C "cd /D C:\dsc\src\output\ws63\acore\ws63-liteos-app && C:\dsc\src\tools\bin\compiler\riscv\cc_riscv32_musl_100\cc_riscv32_musl_fp_win\bin\riscv32-linux-musl-nm.exe -S -n --format=sysv ws63-liteos-app.elf > ws63-liteos-app.nm"
[778/788] C:\WINDOWS\system32\cmd.exe /C "cd /D C:\dsc\src\output\ws63\acore\ws63-liteos-app && C:\dsc\src\tools\bin\compiler\riscv\cc_riscv32_musl_100\cc_riscv32_musl_fp_win\bin\riscv32-linux-musl-objcopy.exe -O ihex ws63-liteos-app.elf ws63-liteos-app_std.hex"
[779/788] C:\WINDOWS\system32\cmd.exe /C "cd /D C:\dsc\src\output\ws63\acore\ws63-liteos-app && D:\anaconda\python.exe C:/dsc/src/build/script/utils/create_hex.py ws63-liteos-app_rom.bin ws63-liteos-app_rom.hex"
[780/788] update nv bin
build nv bin success!!
[781/788] C:\WINDOWS\system32\cmd.exe /C "cd /D C:\dsc\src\output\ws63\acore\ws63-liteos-app && D:\anaconda\python.exe C:/dsc/src/build/script/utils/create_hex.py ws63-liteos-app.bin ws63-liteos-app.hex"
[782/788] C:\WINDOWS\system32\cmd.exe /C "cd /D C:\dsc\src\output\ws63\acore\ws63-liteos-app && D:\anaconda\python.exe C:/dsc/src/build/script/patch/patch_riscv.py ws63-liteos-app.bin ws63-liteos-app_rom.bin ws63-liteos-app.nm C:/dsc/src/build/config/target_config/ws63/patch_config acore ws63-liteos-app C:/dsc/src/output/ws63/acore/ws63-liteos-app"
Generating ws63-liteos-app.bin...
[783/788] C:\WINDOWS\system32\cmd.exe /C "cd /D C:\dsc\src\output\ws63\acore\ws63-liteos-app && D:\anaconda\python.exe C:/dsc/src/build/script/codesize_statistic.py ws63-liteos-app"
C:\dsc\src\build\script\codesize_statistic.py:53: SyntaxWarning: invalid escape sequence '\d'
  number = re.findall("\d+",line)
codesize statistics done
[784/788] C:\WINDOWS\system32\cmd.exe /C "cd /D C:\dsc\src\output\ws63\acore\ws63-liteos-app && C:\dsc\src\tools\bin\compiler\riscv\cc_riscv32_musl_100\cc_riscv32_musl_fp_win\bin\riscv32-linux-musl-objdump.exe -d -m riscv ws63-liteos-app.elf > ws63-liteos-app.asm"
[785/788] ws63 image sign
type: 0
cfg : param_bin_ecc.cfg

new failed1.
read file
read file
CompressFlag():::0
Final.
type: 1
cfg : root_pubk.cfg

open key file failed.
FillPublicKey() failed.
type: 0
cfg : ssb_bin_ecc.cfg

new failed1.
read file
read file
CompressFlag():::0
Final.
type: 0
cfg : flash_bin_ecc.cfg

new failed1.
read file
read file
CompressFlag():::0
Final.
type: 0
cfg : flash_backup_bin_ecc.cfg

new failed1.
read file
read file
CompressFlag():::0
Final.
type: 0
cfg : loaderboot_bin_ecc.cfg

new failed1.
read file
read file
CompressFlag():::0
Final.
type: 0
cfg : liteos_app_bin_ecc.cfg

new failed1.
read file
read file
CompressFlag():::0
Final.
type: 0
cfg : liteos_mfg_bin_factory_ecc.cfg

new failed1.
read file
read file
CompressFlag():::0
Final.
generate params.bin...
Build params success!
params.bin size:  1024
params.bin generate successfully!!!
params_sign.bin generate successfully!!!
generate fill root_pubk.bin
merge out path:  C:\dsc\src\build\config\target_config\ws63\sign_config
root_params_sign.bin generate successfully!!!
sign name:  ../../../../../output/ws63/acore\ws63-ssb/ssb.bin
../../../../../output/ws63/acore\ws63-ssb/ssb.bin size:  20800
../../../../../output/ws63/acore\ws63-ssb/ssb.bin  generated successfully!!!
ssb_sign.bin generated successfully!!!
../../../../../output/ws63/acore\ws63-flashboot/flashboot.bin size:  48576
flash_sign.bin generated successfully!!!
sign name:  ../../../../../output/ws63/acore\ws63-loaderboot/loaderboot.bin
../../../../../output/ws63/acore\ws63-loaderboot/loaderboot.bin size:  30592
../../../../../output/ws63/acore\ws63-loaderboot/loaderboot.bin  generated successfully!!!
loaderboot_sign.bin generated successfully!!!
merge out path:  C:\dsc\src\output\ws63\acore\boot_bin
root_loaderboot_sign.bin generated successfully!!!
sign name:  ../../../../../output/ws63/acore\ws63-liteos-app/ws63-liteos-app.bin
../../../../../output/ws63/acore\ws63-liteos-app/ws63-liteos-app.bin size:  1203424
../../../

../../output/ws63/acore\ws63-liteos-app/ws63-liteos-app.bin  generated successfully!!!
sign name:  ../../../../../output/ws63/acore/boot_bin\ws63-liteos-mfg.bin
../../../../../output/ws63/acore/boot_bin\ws63-liteos-mfg.bin size:  1261248
../../../../../output/ws63/acore/boot_bin\ws63-liteos-mfg.bin  generated successfully!!!
[786/788] C:\WINDOWS\system32\cmd.exe /C "cd /D C:\dsc\src\output\ws63\acore\ws63-liteos-app && C:\dsc\src\tools\bin\compiler\riscv\cc_riscv32_musl_100\cc_riscv32_musl_fp_win\bin\riscv32-linux-musl-objdump.exe -x -S -l ws63-liteos-app.elf > ws63-liteos-app.lst"


[787/788] MEM_LIMIT
[788/788] C:\WINDOWS\system32\cmd.exe /C "cd /D C:\dsc\src\output\ws63\acore\ws63-liteos-app && D:\anaconda\python.exe C:/dsc/src/build/script/utils/elftodu.py C:/dsc/src ws63-liteos-app.elf C:/dsc/src/tools/bin/compiler/riscv/cc_riscv32_musl_100/cc_riscv32_musl_fp_win/bin/riscv32-linux-musl-nm.exe > ws63-liteos-app.du && D:\anaconda\python.exe C:/dsc/src/build/script/utils/mem_stats.py ws63-liteos-app.lst ws63-liteos-app.du C:/dsc/src/output/ws63/acore/ws63-liteos-app/linker.lds ws63 > ws63-liteos-app.mem"


ninja: no work to do.
data size:  16
finally size:  64
[!][copy_files_to_interim] File `C:\dsc\src\output/ws63/acore/ws63-loaderboot/loaderboot.bin` not found, will skip it !
[!][copy_files_to_interim] File `C:\dsc\src\output/ws63/acore/ws63-loaderboot/root_loaderboot_sign.bin` not found, will skip it !
[!][copy_files_to_interim] File `C:\dsc\src\output/ws63/acore/ws63-ssb/ssb.bin` not found, will skip it !
[!][copy_files_to_interim] File `C:\dsc\src\output/ws63/acore/ws63-ssb/ssb_sign.bin` not found, will skip it !
[!][copy_files_to_interim] File `C:\dsc\src\output/ws63/acore/ws63-liteos-hilink/ws63-liteos-hilink.bin` not found, will skip it !
[!][copy_files_to_interim] File `C:\dsc\src\output/ws63/acore/ws63-liteos-hilink/ws63-liteos-hilink-sign.bin` not found, will skip it !
[*] romboot not found, codepoint files will not be one!
current work direction:  c:\dsc\src
NV file reading:  ./output/ws63/acore/nv_bin/temp/cfg/acore_nv.json
nv xml writing in:  ./output/ws63/database/cco/system/hdbcfg/mss_nvi_db.xml
[!][nv handle]warning:  ./output/ws63/database/cco/system/hdbcfg/mss_nvi_db.xml  not found!
struct file reading:  ./output/ws63/acore/nv_bin/temp/acore.etypes
struct writing in: ./output/ws63/database/cco/system/nv/nv_struct_def.txt
[!][nv handle]warning:  ./output/ws63/database/cco/system/nv/nv_struct_def.txt  not found!
['C:\\dsc\\src\\output\\ws63\\acore\\boot_bin\\root_loaderboot_sign.bin', 'C:\\dsc\\src\\output\\ws63\\acore\\param_bin\\root_params_sign.bin', 'C:\\dsc\\src\\output\\ws63\\acore\\boot_bin\\ssb_sign.bin', 'C:\\dsc\\src\\output\\ws63\\acore\\boot_bin\\flashboot_sign.bin', 'C:\\dsc\\src\\output\\ws63\\acore\\boot_bin\\flashboot_backup_sign.bin', 'C:\\dsc\\src\\output\\ws63\\acore\\nv_bin\\ws63_all_nv.bin', 'C:\\dsc\\src\\output\\ws63\\acore\\nv_bin\\ws63_all_nv_backup.bin', 'C:\\dsc\\src\\output\\ws63\\acore\\ws63-liteos-app\\ws63-liteos-app-sign.bin']
[0, 2097152, 2105344, 2228224, 2162688, 6275072, 2146304, 2293760]
[2097152, 1920, 21568, 49344, 49344, 16384, 16384, 1204224]
[31488, 1920, 21568, 49344, 49344, 4096, 4096, 1204224]
[0, 1, 1, 1, 1, 1, 1, 1]
['C:\\dsc\\src\\output\\ws63\\acore\\boot_bin\\root_loaderboot_sign.bin', 'C:\\dsc\\src\\output\\ws63\\acore\\ws63-liteos-app\\ws63-liteos-app-sign.bin']
[0, 2293760]
[2097152, 1204224]
[31488, 1204224]
[0, 1]
python path:  D:\anaconda\python.exe
flashboot start build .....
['D:\\anaconda\\python.exe', 'build.py', 'ws63-flashboot']
[ws63][acore] run custom cmd success!
C:\dsc\src\build\script\.\..\..\config.in
c:\dsc\src
Kconfig header saved to 'C:\dsc\src\output\ws63\acore\ws63-liteos-app\mconfig.h'
######### Build target:ws63_liteos_app success
ws63-liteos-app takes 38.145761 s
python path:  D:\anaconda\python.exe
generate_efuse_bin ing...
['D:\\anaconda\\python.exe', 'C:\\dsc\\src\\build\\config\\target_config\\ws63\\script\\efuse_cfg_gen.py']
generate_efuse_bin done!
copy_files_to_interim ing...
['D:\\anaconda\\python.exe', 'C:\\dsc\\src\\build\\config\\target_config\\ws63\\script\\copy_files_to_interim.py', 'C:\\dsc\\src']
copy_files_to_interim done!
generate rom_in_one ing...
['D:\\anaconda\\python.exe', 'C:\\dsc\\src\\build\\config\\target_config\\ws63\\script\\rom_in_one.py', 'C:\\dsc\\src', 'ws63-liteos-app']
generate rom_in_one done!
['D:\\anaconda\\python.exe', 'C:\\dsc\\src\\build\\config\\target_config\\ws63\\script\\nv_handle.py']
[ws63][acore] run custom cmd success!
packet ing...
['D:\\anaconda\\python.exe', 'C:\\dsc\\src\\tools\\pkg\\packet.py', 'ws63', 'ws63-liteos-app', '']
packet success!


INFO:root:++++++++++++++++++++++++start stackAnalyzer++++++++++++++++++++++++
INFO:root:elf_path:./output/ws63/acore/ws63-liteos-app/ws63-liteos-app.elf
INFO:root:compiler_path:c:\Program Files\HiSpark Studio\tools\Windows\cc_riscv32_musl_fp_win\bin
INFO:root:asm_path:./output/ws63/acore/ws63-liteos-app/ws63-liteos-app.asm
INFO:root:prefix:riscv32-linux-musl
INFO:root:environment:windows
INFO:root:stack_mode:2
INFO:root:stack_rec_stats:1
INFO:root:compiler prefix: riscv32-linux-musl


INFO:root:++++++++++++++++++++++++end stackAnalyzer++++++++++++++++++++++++


INFO:root:++++++++++++++++++++++++++++++start buildAnalyzer++++++++++++++++++++++++++++++


INFO:root:elf_path:                               ./output/ws63/acore/ws63-liteos-app/ws63-liteos-app.elf
INFO:root:map_path:                               ./output/ws63/acore/ws63-liteos-app/ws63-liteos-app.map
INFO:root:compiler_path:                          c:\Program Files\HiSpark Studio\tools\Windows\cc_riscv32_musl_fp_win\bin
INFO:root:build_config_path:                      None                                    
INFO:root:prefix:                                 riscv32-linux-musl                      
INFO:root:environment:                            windows                                 


INFO:root:undef_addr_sections:                    ['.debug_info', '.debug_abbrev', '.debug_loc', '.debug_aranges', '.debug_ranges', '.debug_line', '.debug_str', '.comment', '.riscv.attributes', '.debug_frame']
INFO:root:no_size_sections:                       ['.plat_romtext', '.wifi_romtext', '.btc_romtext', '.bth_romtext', '.bth_romdata', '.plat_rombss', '.plat_text_tcm', '.wifi_text_tcm', '.plat_data_tcm', '.wifi_text_sram', '.btc_text_sram', '.bth_text_sram', '.wifi_data_sram', '.btc_data_sram', '.bth_data_sram', '.heap']
INFO:root:analysis sections:                      ['.text', '.data', '.bss', 'startup', '.sysintcall.init', '.patch', '.rom_ram_cb_text', '.plat_romdata', '.wifi_romdata', '.btc_romdata', '.bth_rombss', '.wifi_pkt_ram', '.btc_text_tcm', '.patch_on_tcm', '.btc_data_tcm', '.wifi_data_tcm', '.btc_bss_tcm', '.wifi_bss_tcm', '.plat_text_sram', '.patch_on_sram', '.plat_text_flash', '.wifi_text_flash', '.patch_on_flash', '.btc_text_flash', '.bth_text_flash', '.btc_data_flash', '.bth_data_flash', '.plat_bss_sram', '.plat_bss_flash', '.wifi_bss_flash', '.btc_bss_flash', '.bth_bss_flash', '.preserve', '.stacks']


INFO:root:--------------------Load Sections:--------------------
INFO:root:section_name                            section_size                            
INFO:root:startup                                 424                                     
INFO:root:.sysintcall.init                        52                                      
INFO:root:.patch                                  2344                                    
INFO:root:.rom_ram_cb_text                        1816                                    
INFO:root:.plat_romdata                           212                                     
INFO:root:.wifi_romdata                           98                                      
INFO:root:.btc_romdata                            672                                     


INFO:root:.btc_text_tcm                           7206                                    
INFO:root:.patch_on_tcm                           1528                                    
INFO:root:.btc_data_tcm                           57                                      
INFO:root:.wifi_data_tcm                          3328                                    
INFO:root:.plat_text_sram                         10872                                   
INFO:root:.patch_on_sram                          2520                                    


INFO:root:.plat_text_flash                        170544                                  


INFO:root:.wifi_text_flash                        584914                                  
INFO:root:.patch_on_flash                         1908                                    


INFO:root:.btc_text_flash                         131560                                  
INFO:root:.bth_text_flash                         230374                                  
INFO:root:.text                                   44680                                   


INFO:root:.btc_data_flash                         4896                                    


INFO:root:.bth_data_flash                         2364                                    


INFO:root:.data                                   472                                     


INFO:root:total_size:                             1202841                                 


INFO:root:------------------------------------------------------


INFO:root:++++++++++++++++++++++++++++++end buildAnalyzer++++++++++++++++++++++++++++++


